playerID,yearID,teamID,G,AB,R,H,X2B,X3B,HR,BB,HBP,SF,salary
abbotku01,1996,FLO,109,320,37,81,18,7,8,22,3,0,650000
abreubo01,1996,HOU,15,22,1,5,1,0,0,2,0,0,150000
acrema01,1996,OAK,22,,,,,,,,,,165000
adamsjo02,1996,FLO,9,0,0,0,0,0,0,0,0,0,151000
adamste01,1996,CHN,69,6,0,0,0,0,0,1,0,0,215000
adamswi02,1996,OAK,12,,,,,,,,,,157500
aguilri01,1996,MIN,19,,,,,,,,,,3075000
aldresc01,1996,DET,11,,,,,,,,,,225000
aldresc01,1996,MIN,25,,,,,,,,,,225000
alexama02,1996,BAL,54,68,6,7,0,0,0,3,0,0,205000
alfoned01,1996,NYN,123,368,36,96,15,2,4,25,0,5,215000
alicelu01,1996,SLN,129,380,54,98,26,3,5,52,5,6,650000
allenje01,1996,PIT,61,229,32,60,9,3,4,23,4,2,160000
alomaro01,1996,BAL,153,588,132,193,43,4,22,90,1,12,6354379
alomasa02,1996,CLE,127,418,53,110,23,0,11,19,3,2,2600000
aloumo01,1996,MON,143,540,87,152,28,2,21,49,2,7,4500000
alstoga01,1996,COL,6,1,0,0,0,0,0,0,0,0,152000
alvarwi01,1996,CHA,35,,,,,,,,,,4662500
amarari01,1996,SEA,118,312,69,91,11,3,1,47,5,1,550000
amaroru02,1996,PHI,61,117,14,37,10,0,2,9,3,0,275000
anderbr01,1996,BAL,149,579,117,172,37,5,50,76,22,4,4050000
anderga01,1996,CAL,150,607,79,173,33,2,12,27,0,3,600000
andresh01,1996,MON,127,375,43,85,15,2,19,35,2,2,225000
andujlu01,1996,CHA,5,,,,,,,,,,170000
andujlu01,1996,TOR,3,,,,,,,,,,170000
appieke01,1996,KCA,32,,,,,,,,,,4800000
ariasal01,1996,FLO,100,224,27,62,11,2,3,17,3,1,450000
ashbyan01,1996,SDN,25,45,6,11,5,0,0,0,0,1,3400000
ashlebi01,1996,LAN,71,110,18,22,2,1,9,21,1,1,275000
assenpa01,1996,CLE,63,,,,,,,,,,875000
astacpe01,1996,LAN,35,68,1,6,0,0,0,1,0,0,2900000
aurilri01,1996,SFN,105,318,27,76,7,1,3,25,1,2,175000
ausmubr01,1996,DET,75,226,30,56,12,0,4,26,2,2,1075000
ausmubr01,1996,SDN,50,149,16,27,4,0,1,13,3,0,1075000
averyst01,1996,ATL,24,46,5,11,4,1,2,1,0,2,4850000
ayalabo01,1996,SEA,50,0,0,0,0,0,0,0,0,0,900000
baergca01,1996,CLE,100,424,54,113,25,0,10,16,7,4,4750000
baergca01,1996,NYN,26,83,5,16,3,0,2,5,2,1,4750000
bagweje01,1996,HOU,162,568,111,179,48,2,31,135,10,6,8040000
baileco01,1996,SLN,51,1,2,0,0,0,0,2,0,0,181000
bailero01,1996,COL,24,19,4,5,0,1,1,3,0,0,200000
baineha01,1996,CHA,143,495,80,154,29,0,22,73,1,3,1925000
baldwja01,1996,CHA,28,,,,,,,,,,250000
banksbr01,1996,ML4,4,7,2,4,2,0,1,1,0,0,150000
barbebr02,1996,SLN,1,0,0,0,0,0,0,0,0,0,155000
barroto01,1996,MON,1,1,0,0,0,0,0,0,0,0,150000
batchri01,1996,SLN,11,1,0,0,0,0,0,0,0,0,157500
batesja01,1996,COL,88,160,19,33,8,1,1,23,2,1,195000
batismi01,1996,FLO,9,0,0,0,0,0,0,0,0,0,153000
batisto01,1996,OAK,74,238,38,71,10,2,6,19,1,2,162500
bautida01,1996,DET,25,64,12,16,2,0,2,9,0,0,200000
bautida01,1996,ATL,17,20,1,3,0,0,0,2,1,0,200000
bautijo01,1996,SFN,37,9,1,1,0,0,0,0,0,0,150000
beckeri01,1996,MIN,148,525,92,153,31,4,12,68,2,4,260000
beckro01,1996,SFN,63,3,0,1,0,0,0,0,0,0,3183380
beechma01,1996,PHI,8,14,1,1,0,0,0,0,0,0,150000
belchti01,1996,KCA,35,,,,,,,,,,2300000
belinst01,1996,BOS,31,,,,,,,,,,950000
bellda01,1996,SLN,62,145,12,31,6,0,1,10,1,1,170000
bellde01,1996,HOU,158,627,84,165,40,3,17,40,8,9,3250000
belleal01,1996,CLE,158,602,124,187,38,3,48,99,7,7,10000000
bellira01,1996,ATL,86,142,9,24,7,0,0,2,0,1,250000
bellja01,1996,PIT,151,527,65,132,29,3,13,54,5,6,5000000
berma01,1996,SFN,135,488,89,121,17,4,5,59,4,1,185000
benesal01,1996,SLN,34,61,4,9,3,0,0,2,0,0,240000
benesan01,1996,SLN,36,73,5,11,4,0,0,1,0,2,4850000
benitar01,1996,BAL,18,,,,,,,,,,275000
benitya01,1996,MON,11,12,0,2,0,0,0,0,0,0,150000
bereja01,1996,CHA,5,,,,,,,,,,420000
bergmse01,1996,SDN,43,30,1,3,0,0,1,0,0,0,275000
berroge01,1996,OAK,153,586,101,170,32,1,36,47,4,6,3300000
berryse01,1996,HOU,132,431,55,121,38,1,17,23,9,4,2250000
bertomi01,1996,CHA,15,,,,,,,,,,160000
bevilbr01,1996,KCA,3,,,,,,,,,,150000
bicheda01,1996,COL,159,633,114,198,39,3,31,45,6,10,5166667
bielemi01,1996,ATL,40,10,1,1,0,0,0,2,0,0,707500
biggicr01,1996,HOU,162,605,113,174,24,4,15,75,27,8,6280000
blairwi01,1996,SDN,60,3,0,0,0,0,0,0,0,0,800000
blausje01,1996,ATL,83,265,48,65,14,1,10,40,6,1,4020000
blaziro01,1996,PHI,27,1,0,1,0,0,0,0,0,0,150000
blowemi01,1996,LAN,92,317,31,84,19,2,6,37,1,3,400000
blumaja01,1996,KCA,17,,,,,,,,,,165000
bochtdo01,1996,SDN,63,0,0,0,0,0,0,0,0,0,250000
boehrbr01,1996,NYA,15,,,,,,,,,,161100
bogarti01,1996,NYN,91,89,17,19,4,0,0,8,2,2,275000
boggswa01,1996,NYA,132,501,80,156,29,2,2,67,0,5,2000000
bohanbr01,1996,TOR,20,,,,,,,,,,205000
bondsba01,1996,SFN,158,517,122,159,27,3,42,151,1,6,8666667
bonesri01,1996,ML4,33,0,0,0,0,0,0,0,0,0,390000
bonesri01,1996,ML4,33,0,0,0,0,0,0,0,0,0,350000
bonesri01,1996,NYA,4,,,,,,,,,,390000
bonesri01,1996,NYA,4,,,,,,,,,,350000
bonilbo01,1996,BAL,159,595,107,171,27,5,28,75,5,17,5600000
boonebr01,1996,CIN,142,520,56,121,21,3,12,31,3,9,1700000
borbope02,1996,ATL,43,1,0,1,0,0,0,0,0,0,185000
bordepa01,1996,CHA,31,94,6,26,1,0,3,5,0,0,400000
bordepa01,1996,SLN,26,69,3,22,3,0,0,1,0,0,400000
bordepa01,1996,CAL,19,57,6,13,3,0,2,3,0,0,400000
bordimi01,1996,OAK,155,525,46,126,18,4,5,52,1,5,2333333
borlato02,1996,PHI,69,4,0,0,0,0,0,0,0,0,262500
borowjo01,1996,ATL,22,2,0,0,0,0,0,0,0,0,157500
boskish01,1996,CAL,38,0,0,0,0,0,0,0,0,0,660000
bottari01,1996,PHI,61,3,0,1,1,0,0,0,0,0,425000
botteke01,1996,CHN,48,2,0,1,0,0,0,0,0,0,195000
bournra01,1996,OAK,88,252,33,61,14,2,0,16,1,0,162500
braggda01,1996,BOS,58,222,38,56,14,1,3,36,2,3,240000
braggda01,1996,SEA,69,195,36,53,12,1,7,33,2,4,240000
brandma01,1996,TEX,26,,,,,,,,,,187500
brandma01,1996,BOS,29,,,,,,,,,,187500
bransje01,1996,CIN,129,311,34,76,16,4,9,31,1,3,550000
brantje01,1996,CIN,66,1,0,0,0,0,0,0,0,0,2800000
bredebr01,1996,MIN,10,20,2,6,0,1,0,1,0,0,150000
brewebi01,1996,NYA,4,,,,,,,,,,200000
britoti01,1996,TOR,26,80,10,19,7,0,1,10,3,0,160000
brocado01,1996,HOU,25,11,0,0,0,0,0,0,0,0,425000
brognri01,1996,NYN,55,188,18,48,10,1,7,19,0,4,450000
brosisc01,1996,OAK,114,428,73,130,25,0,22,59,7,5,2550000
brownbr01,1996,CHN,29,69,11,21,1,0,5,2,1,1,155000
brownke01,1996,FLO,34,75,1,9,1,0,0,6,0,0,4510000
brumfja01,1996,TOR,90,308,52,79,19,2,12,24,4,3,1050000
brumfja01,1996,PIT,29,80,11,20,9,0,2,5,0,1,1050000
bruskji01,1996,LAN,11,0,0,0,0,0,0,0,0,0,185000
buforda01,1996,TEX,90,145,30,41,9,0,6,15,0,1,225000
buhneja01,1996,SEA,150,564,107,153,29,0,44,84,9,10,4827962
bulliji01,1996,CHN,38,32,8,8,3,0,2,5,1,0,525000
burbada01,1996,CIN,34,67,3,7,0,0,2,3,0,0,2100000
burkejo03,1996,FLO,24,52,2,9,2,0,0,0,0,0,3550000
burkejo03,1996,TEX,10,,,,,,,,,,3550000
burkejo04,1996,COL,11,2,0,1,0,0,0,0,0,0,151500
burksel01,1996,COL,156,613,142,211,45,8,40,61,6,2,4000000
burnije01,1996,ML4,23,72,8,17,4,0,2,8,2,2,225000
burnije01,1996,CLE,71,128,30,36,10,0,7,25,2,0,225000
butlebr01,1996,LAN,34,131,22,35,1,1,0,9,1,3,1733304
byrdpa01,1996,NYN,38,2,0,0,0,0,0,0,0,0,175000
camermi01,1996,CHA,11,11,1,1,0,0,0,1,0,0,160000
caminke01,1996,SDN,146,546,109,178,37,2,40,78,4,10,3150000
candito01,1996,LAN,28,45,3,4,0,0,0,0,1,1,3000000
cangejo01,1996,HOU,108,262,49,69,11,4,1,44,5,1,525000
cansejo01,1996,BOS,96,360,68,104,22,1,28,63,6,3,4225000
carlsda01,1996,SFN,5,1,0,0,0,0,0,0,0,0,150000
carrahe01,1996,CIN,56,5,0,1,0,0,0,0,0,0,560000
carrch02,1996,ML4,27,106,18,29,6,1,1,6,0,1,325000
carrch02,1996,ML4,27,106,18,29,6,1,1,6,0,1,250000
cartejo01,1996,TOR,157,625,84,158,35,7,30,44,7,6,6500000
casanra01,1996,DET,25,85,6,16,1,0,4,6,0,0,157500
casiala01,1996,CHN,35,0,0,0,0,0,0,0,0,0,350000
castial01,1996,NYN,6,11,1,4,0,0,0,0,0,0,152500
castifr01,1996,CHN,33,57,1,5,0,0,0,2,0,0,1740000
castilu01,1996,FLO,41,164,26,43,2,1,1,14,0,0,154000
castito02,1996,TOR,40,,,,,,,,,,1200000
castito02,1996,CHA,15,,,,,,,,,,1200000
castivi02,1996,COL,160,629,97,191,34,0,40,35,5,4,2225000
castrju01,1996,LAN,70,132,16,26,5,3,0,10,0,0,215000
cedendo01,1996,CHA,12,19,2,3,2,0,0,0,0,2,285000
cedendo01,1996,TOR,77,282,44,79,10,2,2,15,2,1,285000
cedenro01,1996,LAN,86,211,26,52,11,1,2,24,1,0,200000
charlno01,1996,SEA,70,0,0,0,0,0,0,0,0,0,2950000
chrisja01,1996,PIT,33,4,0,0,0,0,0,0,0,0,195000
cianfar01,1996,SDN,79,192,21,54,13,3,2,8,2,1,400000
cirilje01,1996,ML4,158,566,101,184,46,5,15,58,7,6,350000
clarkda05,1996,PIT,92,211,28,58,12,2,8,31,0,1,450000
clarkda05,1996,LAN,15,15,0,3,0,0,0,3,0,0,450000
clarkma01,1996,NYN,32,69,3,3,1,0,0,1,0,1,2200000
clarkte01,1996,KCA,12,,,,,,,,,,200000
clarkte01,1996,HOU,5,0,0,0,0,0,0,0,0,0,200000
clarkto02,1996,DET,100,376,56,94,14,0,27,29,0,6,260000
clarkwi02,1996,TEX,117,436,69,124,25,1,13,64,5,7,5657365
claytro01,1996,SLN,129,491,64,136,20,4,6,33,1,4,2650000
clemero02,1996,BOS,34,1,0,1,0,0,0,0,0,0,8400000
clontbr01,1996,ATL,81,2,1,0,0,0,0,2,0,0,245000
colbrgr01,1996,FLO,141,511,60,146,26,2,16,25,14,5,750000
colemvi01,1996,CIN,33,84,10,13,1,1,1,9,0,0,500000
coneda01,1996,NYA,11,,,,,,,,,,6666667
coninje01,1996,FLO,157,597,84,175,32,2,26,62,4,7,2800000
cookde01,1996,TEX,60,,,,,,,,,,850000
cookest01,1996,PIT,3,1,0,0,0,0,0,0,0,0,300000
coomero01,1996,MIN,95,233,34,69,12,1,12,17,0,3,170000
coppiro01,1996,BAL,23,,,,,,,,,,185000
corajo01,1996,SEA,144,530,90,154,37,6,6,35,7,5,1025000
cordewi01,1996,BOS,59,198,29,57,14,0,3,11,2,1,3000000
cordofr01,1996,PIT,59,16,1,2,0,0,0,0,0,0,210000
cordoma01,1996,MIN,145,569,97,176,46,1,16,53,8,9,800000
cormirh01,1996,MON,33,43,2,8,0,1,0,2,0,0,1050000
corsiji01,1996,OAK,56,,,,,,,,,,470000
crabtti01,1996,TOR,53,,,,,,,,,,245000
crespfe01,1996,TOR,22,49,6,9,4,0,0,12,3,0,160000
cummijo01,1996,DET,21,,,,,,,,,,215000
cummijo01,1996,LAN,4,0,0,0,0,0,0,0,0,0,215000
cummimi01,1996,PIT,24,85,11,19,3,1,3,0,0,1,180000
curtich01,1996,LAN,43,104,20,22,5,0,2,17,0,0,900000
curtich01,1996,DET,104,400,65,105,20,1,10,53,1,6,900000
daalom01,1996,MON,64,11,0,0,0,0,0,0,0,0,550000
damicje01,1996,ML4,17,,,,,,,,,,172500
damonjo01,1996,KCA,145,517,61,140,22,5,6,31,3,5,240000
darwida01,1996,HOU,15,10,0,1,0,0,0,0,0,0,475000
darwida01,1996,PIT,19,39,2,8,4,0,1,0,0,0,475000
darwije01,1996,CHA,22,,,,,,,,,,172500
daultda01,1996,PHI,5,12,3,2,0,0,0,7,1,0,4825000
davisch01,1996,CAL,145,530,73,155,24,0,28,86,0,6,3800000
daviser01,1996,CIN,129,415,81,119,20,0,26,70,6,4,2200000
davisru01,1996,SEA,51,167,24,39,9,0,5,17,2,0,185000
davisti01,1996,SEA,40,,,,,,,,,,217500
delgaca01,1996,TOR,138,488,68,132,28,2,25,58,9,8,500000
delgawi01,1996,SFN,6,22,3,8,0,0,0,1,2,0,150000
delucri01,1996,SFN,56,4,1,1,0,0,0,1,0,0,625000
deshide01,1996,LAN,154,581,75,130,12,8,5,53,1,5,1600000
devermi01,1996,BAL,127,323,49,74,11,2,8,34,2,2,250000
diazal01,1996,SEA,38,79,11,19,2,0,1,2,2,1,250000
dicksja01,1996,CAL,7,,,,,,,,,,162000
difelmi01,1996,SLN,4,7,0,2,1,0,0,0,0,0,152500
dipotje01,1996,NYN,57,1,0,0,0,0,0,0,0,0,550000
disarga01,1996,CAL,150,536,62,137,26,4,5,21,2,1,2700000
drabedo01,1996,HOU,32,56,5,10,1,0,0,0,0,0,1300000
dreifda01,1996,LAN,20,3,0,0,0,0,0,0,0,0,220000
duncama01,1996,NYA,109,400,62,136,34,3,8,9,1,5,870000
dunstsh01,1996,SFN,82,287,27,86,12,2,5,13,1,1,2325000
durhara01,1996,CHA,156,557,79,153,33,5,10,58,10,7,310000
dyeje01,1996,ATL,98,292,32,82,16,0,12,8,3,3,175000
dykstle01,1996,PHI,40,134,21,35,6,3,3,26,2,1,6000000
easleda01,1996,CAL,28,45,4,7,1,0,2,6,0,0,675000
easleda01,1996,DET,21,67,10,23,1,0,2,4,1,1,675000
eckerde01,1996,SLN,63,1,0,0,0,0,0,0,0,0,1625000
edmonji01,1996,CAL,114,431,73,131,28,3,27,46,4,2,2025000
eischjo01,1996,DET,24,,,,,,,,,,215000
eischjo01,1996,LAN,28,6,0,0,0,0,0,0,0,0,215000
eisenji01,1996,PHI,113,338,45,122,24,3,3,31,1,3,1400000
eldreca01,1996,ML4,15,,,,,,,,,,766667
elsteke01,1996,TEX,157,515,79,130,32,2,24,52,2,11,1650000
embreal01,1996,CLE,24,,,,,,,,,,206000
encaran01,1996,PIT,7,22,3,7,2,0,0,0,0,0,175000
erickjo01,1996,PIT,28,5,0,0,0,0,0,0,0,0,200000
ericksc01,1996,BAL,34,,,,,,,,,,3300000
erstada01,1996,CAL,57,208,34,59,5,1,4,17,0,3,175000
eshelva01,1996,BOS,39,,,,,,,,,,182000
estessh01,1996,SFN,15,19,3,3,0,0,0,1,0,0,162500
eusebto01,1996,HOU,58,152,15,41,7,2,1,18,0,2,650000
evereca01,1996,NYN,101,192,29,46,8,1,1,21,4,1,205000
fabrejo01,1996,CAL,90,254,18,73,6,0,2,17,0,5,275000
fasseje01,1996,MON,34,64,5,6,0,0,0,8,0,1,3466667
feral01,1996,CHA,35,,,,,,,,,,7000000
feros01,1996,SFN,33,57,0,5,0,0,0,0,0,0,958333
fersi01,1996,PHI,11,19,0,2,1,0,0,3,0,1,375000
fettemi01,1996,ML4,61,0,0,0,0,0,0,0,0,0,1725000
fieldce01,1996,NYA,53,200,30,52,8,0,13,24,2,2,9237500
fieldce01,1996,DET,107,391,55,97,12,0,26,63,3,3,9237500
finlech01,1996,CAL,35,,,,,,,,,,4000000
finlest01,1996,SDN,161,655,126,195,45,9,30,56,4,5,2986672
flahejo01,1996,DET,47,152,18,38,12,0,4,8,1,1,900000
flahejo01,1996,SDN,72,264,22,80,12,0,9,9,2,3,900000
fletcda01,1996,MON,127,394,41,105,22,0,12,27,6,3,1350000
floribr01,1996,ML4,15,,,,,,,,,,215000
floribr01,1996,SDN,39,3,0,0,0,0,0,0,0,0,215000
floydcl01,1996,MON,117,227,29,55,15,4,6,30,5,3,390000
fonvich01,1996,LAN,103,201,34,41,4,1,0,17,0,0,240000
fordybr01,1996,CIN,4,7,0,2,1,0,0,3,0,0,150000
fossato01,1996,SLN,65,1,0,0,0,0,0,0,0,0,750000
fosteke01,1996,CHN,19,27,3,8,4,1,0,4,1,0,275000
francjo01,1996,NYN,51,1,0,0,0,0,0,0,0,0,3000000
francju01,1996,CLE,112,432,72,139,20,1,14,61,3,3,3292404
francju01,1996,CLE,112,432,72,139,20,1,14,61,3,3,150000
francma01,1996,NYN,14,31,3,6,1,0,1,1,1,1,160000
fryeje01,1996,BOS,105,419,74,120,27,2,4,54,5,3,900000
frymatr01,1996,DET,157,616,90,165,32,3,22,57,4,10,6400000
gaettga01,1996,SLN,141,522,71,143,27,4,23,35,8,5,2100000
gagnegr01,1996,LAN,128,428,48,109,13,2,10,50,2,3,3000000
galaran01,1996,COL,159,626,119,190,39,3,47,40,17,8,4950000
gantro01,1996,SLN,122,419,74,103,14,2,30,73,3,4,4500000
garceri01,1996,BOS,37,,,,,,,,,,172000
garcica01,1996,PIT,101,390,66,111,18,4,6,23,4,2,2550000
garcino01,1996,BOS,24,87,11,21,2,3,4,4,0,1,150000
garcira03,1996,ML4,37,,,,,,,,,,160000
gardnma01,1996,SFN,33,68,6,11,1,0,0,2,1,0,900000
gatesbr01,1996,OAK,64,247,26,65,19,2,2,18,2,2,300000
giambja01,1996,OAK,140,536,84,156,40,1,20,51,5,5,205000
gibrast01,1996,CIN,2,2,0,0,0,0,0,0,0,0,150000
gilbe01,1996,TEX,5,5,0,2,0,0,0,1,0,0,200000
gilesbr02,1996,CLE,51,121,26,43,14,1,5,19,0,3,175000
gilkebe01,1996,NYN,153,571,108,181,44,3,30,73,4,8,3850000
girarjo01,1996,NYA,124,422,55,124,22,3,2,30,5,3,2250000
glanvdo01,1996,CHN,49,83,10,20,5,1,1,3,0,1,155000
glavito02,1996,ATL,39,76,8,22,4,0,0,5,0,0,5050000
gomezch02,1996,SDN,89,328,32,86,16,1,3,39,6,2,850000
gomezch02,1996,DET,48,128,21,31,5,0,1,18,1,0,850000
gonzaal01,1996,TOR,147,527,64,124,30,5,14,45,5,3,500000
gonzaju03,1996,TEX,134,541,89,170,33,2,47,45,3,3,7500000
gonzalu01,1996,CHN,146,483,70,131,30,4,15,61,4,6,1400000
goodedw01,1996,NYA,29,,,,,,,,,,2000000
goodwto01,1996,KCA,143,524,80,148,14,4,1,39,2,1,1050000
gordoto01,1996,BOS,34,,,,,,,,,,2900000
gracema01,1996,CHN,142,547,88,181,39,1,9,62,1,6,4525000
gracemi02,1996,PHI,12,29,1,4,0,0,0,2,1,0,185000
graffto01,1996,ATL,22,46,7,8,1,1,0,4,1,1,152500
grangje01,1996,KCA,15,,,,,,,,,,200000
graveda01,1996,CLE,15,,,,,,,,,,160000
grebecr01,1996,FLO,50,95,8,20,1,0,1,4,1,2,400000
greensh01,1996,TOR,132,422,52,118,32,3,11,33,8,2,500000
greento02,1996,CAL,29,79,9,15,1,0,2,4,1,0,153000
greenwi01,1996,CIN,115,287,48,70,5,5,19,36,0,1,300000
greerru01,1996,TEX,139,542,96,180,41,6,18,62,3,10,358333
griffke02,1996,SEA,140,545,125,165,26,2,49,78,7,7,7885532
grissma02,1996,ATL,158,671,106,207,32,10,23,41,3,4,4850000
groombu01,1996,OAK,72,,,,,,,,,,390000
grudzma01,1996,MON,153,657,99,201,34,4,6,26,9,3,220000
guarded01,1996,MIN,83,,,,,,,,,,300000
gubicma01,1996,KCA,19,,,,,,,,,,1600000
guerrvl01,1996,MON,9,27,2,5,0,0,1,0,0,0,150000
guerrwi01,1996,LAN,5,2,1,0,0,0,0,0,0,0,150000
guilloz01,1996,CHA,150,499,62,131,24,8,4,10,0,7,4500000
gundeer01,1996,BOS,28,,,,,,,,,,160000
guthrma01,1996,LAN,66,3,0,0,0,0,0,0,0,0,1600000
gutieri01,1996,HOU,89,218,28,62,8,1,1,23,3,1,420000
guzmaju01,1996,TOR,27,,,,,,,,,,4000000
gwynnto01,1996,SDN,116,451,67,159,27,2,3,39,1,6,4575000
halech01,1996,MIN,85,87,8,24,5,0,1,10,0,1,280000
hallda01,1996,LAN,9,0,0,0,0,0,0,0,0,0,365000
hamilda02,1996,TEX,148,627,94,184,29,4,6,54,2,6,1750000
hamiljo02,1996,SDN,34,68,7,11,2,0,1,2,0,0,675000
hammoch01,1996,FLO,38,15,1,1,0,0,0,1,0,0,700000
hammoje01,1996,BAL,71,248,38,56,10,1,9,23,4,1,490000
hamptmi01,1996,HOU,29,42,9,10,1,0,0,4,1,0,1420000
haneych01,1996,KCA,35,,,,,,,,,,1700000
hanseda01,1996,LAN,80,104,7,23,1,0,0,11,0,1,325000
hansoer01,1996,TOR,35,,,,,,,,,,3533333
harnipe01,1996,NYN,32,55,3,5,1,0,0,2,0,1,3213400
harrile01,1996,CIN,125,302,33,86,17,2,5,21,1,3,650000
harripe01,1996,CAL,11,,,,,,,,,,157500
harrire01,1996,BOS,4,,,,,,,,,,175000
haselbi01,1996,BOS,77,237,33,65,13,1,8,19,1,0,650000
hattesc01,1996,BOS,10,11,3,2,1,0,0,3,0,0,150000
hawkila01,1996,MIN,7,,,,,,,,,,150000
hayesch01,1996,PIT,128,459,51,114,21,2,10,36,0,3,1700000
hayesch01,1996,NYA,20,67,7,19,3,0,2,1,0,0,1700000
hayneji01,1996,BAL,26,,,,,,,,,,165000
helliri01,1996,TEX,6,,,,,,,,,,165000
helliri01,1996,FLO,5,9,1,1,0,0,0,0,0,0,165000
henderi01,1996,SDN,148,465,110,112,17,2,9,125,10,2,3045000
hennemi01,1996,TEX,49,0,0,0,0,0,0,0,0,0,250000
henrydo01,1996,NYN,58,5,0,0,0,0,0,0,0,0,550000
hentgpa01,1996,TOR,35,,,,,,,,,,3300000
heredfe01,1996,FLO,21,0,0,0,0,0,0,0,0,0,153000
hermadu01,1996,SDN,8,0,0,0,0,0,0,0,0,0,163000
herca01,1996,LAN,13,14,1,4,0,0,0,2,0,0,425000
herjo01,1996,CHN,131,331,52,80,14,1,10,24,1,2,450000
herli01,1996,FLO,1,1,1,1,0,0,0,0,0,0,1050000
herro01,1996,CHA,72,0,0,0,0,0,0,0,0,0,4620000
herxa01,1996,CIN,3,0,0,0,0,0,0,0,0,0,600000
herxa01,1996,HOU,58,2,0,0,0,0,0,0,0,0,600000
hershor01,1996,CLE,33,,,,,,,,,,3100000
higgibo02,1996,DET,130,440,75,141,35,0,26,65,1,6,375000
hillgl01,1996,SFN,98,379,56,106,26,0,19,33,6,3,1700000
hillke01,1996,TEX,35,0,0,0,0,0,0,0,0,0,4850000
hitchst01,1996,SEA,35,,,,,,,,,,1200000
hockide01,1996,MIN,49,127,16,25,6,0,1,8,0,1,152500
hoffmtr01,1996,SDN,70,8,0,0,0,0,0,0,0,0,1500000
hoilech01,1996,BAL,127,407,64,105,13,0,25,57,9,7,3600000
hollato01,1996,LAN,149,478,64,139,26,4,12,41,2,2,550000
hollida01,1996,MIN,121,422,71,102,26,0,13,71,10,0,2050000
hollida01,1996,SEA,28,94,17,33,3,0,3,13,3,2,2050000
holtch01,1996,HOU,4,1,0,0,0,0,0,0,0,0,150000
holtzmi01,1996,CAL,30,,,,,,,,,,160000
honeyri01,1996,SLN,61,1,0,0,0,0,0,2,0,0,500000
houstty01,1996,ATL,33,27,3,6,2,1,1,1,0,0,185000
houstty01,1996,CHN,46,115,18,39,7,0,2,8,0,0,185000
howarda02,1996,KCA,143,420,51,92,14,5,4,40,4,4,762500
howarth01,1996,CIN,121,360,50,98,19,10,6,17,3,4,750000
howelja02,1996,CAL,66,126,20,34,4,1,8,10,0,0,400000
hubbami01,1996,CHN,21,38,1,4,0,0,1,0,0,1,153000
hudekjo01,1996,HOU,15,0,0,0,0,0,0,0,0,0,412500
hudlere01,1996,CAL,92,302,60,94,20,3,16,9,3,1,1150000
hudsojo02,1996,BOS,36,,,,,,,,,,150000
huismri01,1996,KCA,22,,,,,,,,,,165000
hundlto01,1996,NYN,153,540,85,140,32,1,41,79,3,2,4150000
huntebr02,1996,HOU,132,526,74,145,27,2,5,17,2,7,310000
hurtaed01,1996,SEA,16,,,,,,,,,,155000
huskebu01,1996,NYN,118,414,43,115,16,2,15,27,0,4,212000
husonje01,1996,BAL,17,28,5,9,1,0,0,1,0,1,240000
huttoma01,1996,NYA,12,,,,,,,,,,205000
huttoma01,1996,FLO,13,19,2,6,0,0,1,0,0,0,205000
ibanera01,1996,SEA,4,5,0,0,0,0,0,0,1,0,150000
incavpe01,1996,BAL,12,33,4,10,2,0,2,0,1,1,650000
incavpe01,1996,PHI,99,269,33,63,7,2,16,30,3,0,650000
isrinja01,1996,NYN,27,51,5,13,2,0,2,3,0,1,212000
jacksda02,1996,SLN,13,9,1,3,2,0,0,0,0,0,4600000
jacksmi02,1996,SEA,73,0,0,0,0,0,0,0,0,0,2000000
jacomja01,1996,KCA,49,,,,,,,,,,220000
jahajo01,1996,ML4,148,543,108,163,28,1,34,85,5,3,3387500
jamesmi01,1996,CAL,69,,,,,,,,,,330000
jarvike01,1996,CIN,24,36,2,6,1,0,0,0,0,0,197000
javiest01,1996,SFN,71,274,44,74,25,0,2,25,2,0,1350000
jeffegr01,1996,PHI,104,404,59,118,17,3,7,36,1,5,5500000
jeffere01,1996,BOS,122,386,67,134,30,4,19,25,3,4,1900000
jensema01,1996,SFN,9,19,4,4,1,0,0,8,0,0,151500
jeterde01,1996,NYA,157,582,104,183,25,6,10,48,9,9,550000
johnsbr01,1996,SDN,82,243,18,66,13,1,8,4,4,4,600000
johnsch04,1996,FLO,120,386,34,84,13,1,13,40,2,4,290000
johnsda05,1996,TOR,10,,,,,,,,,,172500
johnsla03,1996,NYN,160,682,117,227,31,21,9,33,1,5,3050000
johnsma01,1996,PIT,127,343,55,94,24,0,13,44,5,4,237500
johnsra05,1996,SEA,14,,,,,,,,,,6325000
jonesan01,1996,ATL,31,106,11,23,7,1,5,7,0,0,152500
jonesbo03,1996,NYN,31,60,6,7,2,0,0,3,0,0,1925000
jonesch05,1996,NYN,89,149,22,36,7,0,4,12,2,0,380000
jonesch06,1996,ATL,157,598,114,185,32,5,30,87,0,7,1525000
jonesdo01,1996,CHN,28,0,0,0,0,0,0,0,0,0,600004
jonesdo01,1996,ML4,24,,,,,,,,,,600004
jonesto02,1996,HOU,51,1,0,0,0,0,0,0,0,0,975000
jordabr01,1996,SLN,140,513,82,159,36,1,17,29,7,9,3300000
jordake01,1996,PHI,43,131,15,37,10,0,3,5,1,2,175000
jordari03,1996,PHI,26,1,0,0,0,0,0,0,0,0,155000
joynewa01,1996,SDN,121,433,59,120,29,1,8,69,3,4,3800000
judenje01,1996,SFN,36,3,0,0,0,0,0,0,0,0,185000
judenje01,1996,MON,22,0,0,0,0,0,0,0,0,0,185000
justida01,1996,ATL,40,140,23,45,9,0,6,21,1,2,6300000
kamiesc01,1996,NYA,7,,,,,,,,,,1535000
karchma01,1996,CHA,50,,,,,,,,,,200000
karkoro01,1996,CHA,111,355,44,78,22,0,10,24,1,2,1500000
karlsc01,1996,ML4,32,,,,,,,,,,250000
karroer01,1996,LAN,154,608,84,158,29,1,34,53,1,8,4500000
keaglgr01,1996,DET,26,,,,,,,,,,170000
kellymi02,1996,CIN,19,49,5,9,4,0,1,9,2,0,175000
kellypa03,1996,NYA,13,21,4,3,0,0,0,2,0,0,1100000
kellyro01,1996,MIN,98,322,41,104,17,4,6,23,7,5,750000
kendaja01,1996,PIT,130,414,54,124,23,5,3,35,15,4,235000
kentje01,1996,NYN,89,335,45,97,20,1,9,21,1,3,2625000
kentje01,1996,CLE,39,102,16,27,7,0,3,10,1,3,2625000
keyji01,1996,NYA,30,,,,,,,,,,2340000
kileda01,1996,HOU,37,73,3,10,4,0,0,3,0,1,1700000
kingje01,1996,PIT,155,591,91,160,36,4,30,70,2,8,2500000
kirbywa01,1996,LAN,65,188,23,51,10,1,1,17,1,1,450000
kirbywa01,1996,CLE,27,16,3,4,1,0,0,2,0,0,450000
kleskry01,1996,ATL,153,528,90,149,21,4,34,68,2,4,2450000
knoblch01,1996,MIN,153,578,140,197,35,14,13,98,19,6,6150000
knorrra01,1996,HOU,37,87,7,17,5,0,1,5,1,1,300000
kreutch01,1996,CHA,46,114,14,25,8,0,3,13,2,1,647500
krivdri01,1996,BAL,22,,,,,,,,,,150000
lampkto01,1996,SFN,66,177,26,41,8,0,6,20,5,2,500000
langsma01,1996,CAL,18,,,,,,,,,,4000000
lankfra01,1996,SLN,149,545,100,150,36,8,21,79,3,7,4466667
lansimi01,1996,MON,159,641,99,183,40,2,11,44,10,1,2700000
larkiba01,1996,CIN,152,517,117,154,32,4,33,96,7,7,5350000
lawtoma02,1996,MIN,79,252,34,65,7,1,6,28,4,2,150000
leiteal01,1996,FLO,33,70,3,7,0,0,0,4,0,0,2900000
leitema01,1996,MON,12,25,2,2,0,0,0,2,0,0,1900000
leitema01,1996,SFN,23,42,2,6,1,0,0,1,0,0,1900000
lemkema01,1996,ATL,135,498,64,127,17,0,5,53,0,6,2000000
lennopa01,1996,KCA,14,30,5,7,3,0,0,7,0,0,150000
leshebr01,1996,OAK,26,82,11,19,3,0,5,5,1,1,152000
leskacu01,1996,COL,70,3,0,1,1,0,0,0,0,0,516667
levil01,1996,CHA,16,,,,,,,,,,157500
levisje01,1996,ML4,104,233,27,55,6,1,1,38,2,0,207500
lewisda01,1996,CHA,141,337,55,77,12,2,4,45,3,5,1325000
lewisma01,1996,DET,145,545,69,147,30,3,11,42,5,3,1664000
lewisri01,1996,DET,72,1,0,0,0,0,0,0,0,0,250000
leyriji01,1996,NYA,88,265,23,70,10,0,7,30,9,3,1916972
liebejo01,1996,PIT,51,36,4,7,3,0,0,3,0,0,335000
liebemi01,1996,PHI,50,166,21,42,8,0,7,10,2,4,215000
limajo01,1996,DET,39,,,,,,,,,,170000
lirafe01,1996,DET,32,,,,,,,,,,285000
liriane01,1996,PIT,112,217,23,58,14,2,3,14,0,3,375000
listapa01,1996,ML4,87,317,51,76,16,2,1,36,1,2,750000
livinsc01,1996,SDN,102,172,20,51,4,1,2,9,0,0,600000
lloydgr01,1996,NYA,13,,,,,,,,,,770000
lloydgr01,1996,ML4,52,0,0,0,0,0,0,0,0,0,770000
loaizes01,1996,PIT,11,17,1,2,0,0,0,0,0,0,200000
lockhke01,1996,KCA,138,433,49,118,33,3,7,30,2,5,290000
loftoke01,1996,CLE,154,662,132,210,35,4,14,61,0,6,4825000
loiseri01,1996,PIT,5,8,0,2,1,0,0,0,0,0,155000
lopezal02,1996,CLE,13,,,,,,,,,,176000
lopezja01,1996,ATL,138,489,56,138,19,1,23,28,3,5,2050000
loretma01,1996,ML4,73,154,20,43,3,0,1,14,0,0,167500
ludwier01,1996,SLN,6,2,0,0,0,0,0,0,0,0,155000
mabryjo01,1996,SLN,151,543,63,161,30,2,13,37,3,5,390000
macfami01,1996,KCA,112,379,58,104,24,2,19,31,7,2,887500
maddugr01,1996,ATL,35,68,6,10,2,0,0,3,0,0,6775000
madurca01,1996,PHI,4,4,0,0,0,0,0,0,0,0,150000
magadda01,1996,CHN,78,169,23,43,10,0,3,29,0,2,255000
mageewe01,1996,PHI,38,142,9,29,7,0,2,9,0,0,150000
magmi01,1996,KCA,38,,,,,,,,,,290000
mahompa01,1996,BOS,11,,,,,,,,,,360000
mahompa01,1996,MIN,20,,,,,,,,,,360000
malavjo01,1996,BOS,41,102,12,24,3,0,4,2,1,0,150000
mantema01,1996,FLO,14,1,0,0,0,0,0,0,0,0,225000
mantoje01,1996,SEA,21,54,7,10,3,0,1,9,0,0,240000
mantoje01,1996,BOS,10,30,5,8,3,1,2,3,1,0,240000
mantoje01,1996,BOS,12,18,3,2,0,0,0,5,0,0,240000
manueba01,1996,MON,53,7,0,0,0,0,0,1,0,0,185000
manwaki01,1996,SFN,49,145,9,34,6,0,1,16,3,2,1675000
manwaki01,1996,HOU,37,82,5,18,3,0,0,3,2,0,1675000
martial03,1996,PIT,155,630,101,189,40,1,18,54,2,7,2266667
martida01,1996,CHA,146,440,85,140,20,8,10,52,3,1,950000
martied01,1996,SEA,139,499,121,163,52,2,26,123,8,4,3050000
martino01,1996,CHA,70,140,30,49,7,0,1,6,0,1,350000
martipe02,1996,MON,33,64,5,6,1,0,0,4,1,0,3615000
martipe03,1996,NYN,5,0,0,0,0,0,0,0,0,0,216000
martipe03,1996,CIN,4,0,0,0,0,0,0,0,0,0,216000
martira02,1996,LAN,30,59,3,7,0,0,0,2,0,0,4800000
martiti02,1996,NYA,155,595,82,174,28,0,25,68,2,5,4400000
marzajo01,1996,SEA,41,106,8,26,6,0,0,7,4,0,250000
mashoda01,1996,OAK,50,105,20,28,7,1,3,16,1,1,154000
mathemi01,1996,ML4,106,313,31,64,15,2,8,14,3,4,210000
mathete01,1996,BAL,14,,,,,,,,,,685000
mathete01,1996,FLO,57,4,0,0,0,0,0,0,0,0,685000
mathetj01,1996,SLN,67,4,0,0,0,0,0,0,0,0,240000
mayda02,1996,CAL,5,,,,,,,,,,150000
mayda02,1996,PIT,5,3,1,1,0,0,0,0,0,0,150000
mayde01,1996,HOU,109,259,24,65,12,3,5,30,2,3,300000
maynebr01,1996,NYN,70,99,9,26,6,0,1,12,0,0,225000
mccargr01,1996,SEA,10,,,,,,,,,,151000
mccraqu01,1996,COL,124,283,50,82,13,6,3,32,1,1,198000
mccurje01,1996,DET,2,,,,,,,,,,175000
mcdonbe01,1996,ML4,35,,,,,,,,,,5000000
mcdowja01,1996,CLE,30,,,,,,,,,,4800000
mcelrch01,1996,CAL,40,,,,,,,,,,817000
mcelrch01,1996,CIN,12,2,0,0,0,0,0,0,0,0,817000
mcgeewi01,1996,SLN,123,309,52,95,15,2,5,18,2,1,1300000
mcgrifr01,1996,ATL,159,617,81,182,37,1,28,68,2,4,5500000
mcgwima01,1996,OAK,130,423,104,132,21,0,52,116,8,1,7150000
mclemma01,1996,TEX,147,517,84,150,23,4,5,87,0,5,1800000
mcmicgr01,1996,ATL,73,0,0,0,0,0,0,0,0,0,1100000
mcmilbi01,1996,FLO,28,51,4,11,0,0,0,5,0,0,153000
mcraebr01,1996,CHN,157,624,111,172,32,5,17,73,12,5,3900000
mearepa01,1996,MIN,152,517,66,138,26,7,8,17,9,7,1425000
mendora01,1996,NYA,12,,,,,,,,,,157000
menhapa01,1996,SEA,11,,,,,,,,,,175000
mercehe01,1996,KCA,4,4,1,1,0,0,0,0,0,0,180000
mercejo02,1996,ML4,11,0,0,0,0,0,0,0,0,0,153000
merceor01,1996,PIT,120,453,69,130,24,1,17,51,0,3,2700000
merckke01,1996,BAL,14,,,,,,,,,,1700000
merckke01,1996,CLE,10,,,,,,,,,,1700000
mesajo01,1996,CLE,69,,,,,,,,,,1947223
micelda01,1996,PIT,44,13,0,0,0,0,0,0,0,0,475000
mieskma01,1996,ML4,127,374,46,104,24,3,14,26,2,6,500000
milleku01,1996,FLO,26,8,0,3,0,0,0,0,0,0,163000
milleor01,1996,HOU,139,468,43,120,26,2,15,14,10,3,337500
milletr01,1996,MIN,7,,,,,,,,,,150000
millsal01,1996,BAL,49,,,,,,,,,,850000
mimbsmi01,1996,PHI,21,33,0,4,0,0,0,0,0,0,200000
miran01,1996,ML4,46,0,0,0,0,0,0,0,0,0,350000
mitchke01,1996,BOS,27,92,9,28,4,0,2,11,1,0,500000
mitchke01,1996,CIN,37,114,18,37,11,0,6,26,0,1,500000
mlickda01,1996,NYN,51,10,0,1,0,0,0,1,0,0,610000
moehlbr01,1996,DET,2,,,,,,,,,,150000
mohlemi01,1996,OAK,72,,,,,,,,,,250000
moliniz01,1996,OAK,14,25,0,5,2,0,0,1,0,0,152000
molitpa01,1996,MIN,161,660,99,225,41,8,9,56,3,9,3500000
mondera01,1996,LAN,157,634,98,188,40,7,24,32,5,2,2700000
montgje01,1996,KCA,48,0,0,0,0,0,0,0,0,0,2300000
montgra01,1996,HOU,12,14,4,3,1,0,1,1,0,0,155000
moranmi01,1996,PHI,140,539,64,135,24,6,3,49,9,4,1850000
mordemi01,1996,ATL,66,108,12,26,5,0,2,9,0,1,200000
morgami01,1996,CIN,5,7,0,0,0,0,0,0,0,0,500000
morgami01,1996,SLN,18,33,1,2,0,0,0,0,0,0,500000
mormaal01,1996,HOU,53,0,0,0,0,0,0,0,0,0,165000
morriha02,1996,CIN,142,528,82,165,32,4,16,50,5,6,3100000
moutoja01,1996,HOU,122,300,40,79,15,1,3,38,0,3,415000
moutoly01,1996,CHA,87,214,25,63,8,1,7,22,2,3,225000
moyerja01,1996,SEA,11,,,,,,,,,,1700000
moyerja01,1996,BOS,23,,,,,,,,,,1700000
muellbi02,1996,SFN,55,200,31,66,15,1,0,24,1,2,160000
mulhote01,1996,SEA,12,,,,,,,,,,2400000
mulhote01,1996,PHI,21,45,2,8,1,0,1,0,0,0,2400000
munozbo01,1996,PHI,6,7,1,1,1,0,0,0,0,0,200000
munozmi01,1996,COL,54,1,0,0,0,0,0,0,0,0,350000
murraed02,1996,CLE,88,336,33,88,9,1,12,34,0,4,750000
murraed02,1996,BAL,64,230,36,59,12,0,10,27,0,6,750000
mussimi01,1996,BAL,36,,,,,,,,,,6825000
myersgr01,1996,MIN,97,329,37,94,22,3,6,19,0,5,575000
myersmi01,1996,DET,83,,,,,,,,,,235000
myersra01,1996,BAL,62,0,0,0,0,0,0,0,0,0,3950000
myersro02,1996,KCA,22,63,9,18,7,0,1,7,0,0,155000
ehrti01,1996,BOS,116,430,77,124,16,0,17,49,4,4,2700000
gych01,1996,CLE,32,,,,,,,,,,3437500
ultda01,1996,MIN,49,,,,,,,,,,165000
varja01,1996,CHN,35,77,1,10,1,0,0,0,1,0,5000000
neaglde01,1996,ATL,6,14,0,2,0,0,0,1,0,0,3610000
neaglde01,1996,PIT,30,55,3,10,1,0,0,1,0,1,3610000
nelsoje01,1996,NYA,73,,,,,,,,,,1090000
nenro01,1996,FLO,75,2,0,0,0,0,0,0,0,0,3080000
nevinph01,1996,DET,38,120,15,35,5,0,8,8,1,1,178000
newfima01,1996,SDN,84,191,27,48,11,0,5,16,2,3,225000
newfima01,1996,ML4,49,179,21,55,15,0,7,11,4,4,225000
newsowa01,1996,TEX,91,235,34,60,14,1,10,37,0,1,375000
nieveme01,1996,DET,120,431,71,106,23,4,24,44,6,3,335000
nilssda01,1996,ML4,123,453,81,150,33,2,17,57,3,3,2700000
nixonot01,1996,TOR,125,496,87,142,15,1,1,71,1,0,2500000
nomohi01,1996,LAN,33,75,1,10,4,0,0,2,0,0,900000
nortogr01,1996,CHA,11,23,4,5,0,0,2,4,0,0,155000
nunjo01,1996,KCA,35,90,16,19,5,1,5,13,0,1,190000
obandsh01,1996,MON,89,178,30,44,9,0,8,22,1,1,185000
obriech01,1996,TOR,109,324,33,77,17,0,13,29,17,2,625000
ochoaal01,1996,NYN,82,282,37,83,19,3,4,17,2,3,152000
offerjo01,1996,KCA,151,561,85,170,33,8,5,74,1,2,1600000
ogeach01,1996,CLE,29,,,,,,,,,,533333
oleartr01,1996,BOS,149,497,68,129,28,5,15,47,4,3,1100000
olerujo01,1996,TOR,125,398,59,109,25,0,18,60,10,1,6500000
olivaom01,1996,DET,25,0,0,0,0,0,0,0,0,0,1125000
oliveda02,1996,TEX,30,,,,,,,,,,1075000
olivejo01,1996,CIN,106,289,31,70,12,1,11,28,2,3,375000
olsongr01,1996,DET,43,,,,,,,,,,210000
olsongr01,1996,DET,43,,,,,,,,,,400000
olsongr01,1996,HOU,9,0,0,0,0,0,0,0,0,0,210000
olsongr01,1996,HOU,9,0,0,0,0,0,0,0,0,0,400000
oneilpa01,1996,NYA,150,546,89,165,35,1,19,102,4,8,5500000
oquismi01,1996,SDN,8,0,0,0,0,0,0,0,0,0,195000
ordonre01,1996,NYN,151,502,51,129,12,4,1,22,1,1,192500
oroscje01,1996,BAL,66,,,,,,,,,,1100000
orsuljo01,1996,FLO,120,217,23,48,6,1,2,16,0,1,650000
osbordo01,1996,SLN,30,59,6,13,4,0,1,3,0,0,2750000
osikke01,1996,PIT,48,140,18,41,14,1,1,14,1,0,175000
osuan01,1996,LAN,73,1,0,0,0,0,0,1,0,1,300000
owenser01,1996,CIN,88,205,26,41,6,0,0,23,1,2,175000
pagnoto01,1996,SLN,119,407,48,110,23,0,13,24,2,4,1650000
paintla01,1996,COL,35,15,1,2,0,0,0,0,0,0,375000
palmede01,1996,TEX,154,582,98,163,26,2,38,59,5,6,4800000
palmeor01,1996,CAL,50,87,6,25,6,1,0,8,2,0,160000
palmera01,1996,BAL,162,626,110,181,40,2,39,95,3,8,5337021
paniajo01,1996,MON,13,11,1,0,0,0,0,2,0,0,155000
paquecr01,1996,KCA,118,429,61,111,15,1,22,23,2,5,340000
parenma01,1996,DET,38,104,13,25,6,0,7,3,0,1,400000
parenma01,1996,BAL,18,33,4,6,1,0,2,2,0,0,400000
parkch01,1996,LAN,48,19,0,1,0,0,0,1,0,0,270000
pattebo01,1996,CHN,79,3,0,1,0,0,0,0,0,0,1050000
patteda04,1996,TEX,7,,,,,,,,,,150000
pavliro01,1996,TEX,34,,,,,,,,,,2850000
pemberu01,1996,BOS,13,41,11,21,8,0,1,2,2,0,152000
peal01,1996,FLO,4,0,0,0,0,0,0,0,0,0,50000
peto01,1996,CLE,67,174,14,34,4,0,1,15,0,3,425000
pendlte01,1996,FLO,111,406,30,102,20,1,7,26,3,5,350000
pendlte01,1996,ATL,42,162,21,33,6,0,4,15,0,0,350000
percitr01,1996,CAL,62,1,0,0,0,0,0,0,0,0,650000
perezed01,1996,CIN,18,36,8,8,0,0,3,5,0,0,180000
perezed02,1996,ATL,68,156,19,40,9,1,4,8,1,2,172500
perezne01,1996,COL,17,45,4,7,2,0,0,0,0,0,150000
perezro01,1996,TOR,86,202,30,66,10,0,2,8,1,1,185000
perezto03,1996,TOR,91,295,24,74,13,4,1,25,1,1,185000
perezyo01,1996,FLO,64,1,0,0,0,0,0,0,0,0,375000
perryhe01,1996,CLE,7,12,1,1,1,0,0,1,0,0,169000
persoro01,1996,NYN,29,21,1,3,1,0,0,0,0,0,185000
petkoma01,1996,SLN,48,16,1,3,0,0,0,0,1,0,325000
pettian01,1996,NYA,35,,,,,,,,,,600000
phillto02,1996,CHA,153,581,119,161,29,3,12,125,4,8,2200000
piazzmi01,1996,LAN,148,547,87,184,16,0,36,81,1,2,7000000
pichahi01,1996,KCA,57,,,,,,,,,,780000
plesada01,1996,PIT,73,5,0,0,0,0,0,0,0,0,800000
plunker01,1996,CLE,56,,,,,,,,,,1850000
pooleji02,1996,CLE,32,,,,,,,,,,850000
pooleji02,1996,SFN,35,2,0,0,0,0,0,0,0,0,850000
portuma01,1996,CIN,28,48,4,8,1,0,0,1,0,0,400000
portuma01,1996,CIN,28,48,4,8,1,0,0,1,0,0,2350000
posadjo01,1996,NYA,8,14,1,1,0,0,0,1,0,0,158500
powelja04,1996,FLO,67,5,0,0,0,0,0,0,0,0,208000
pridecu01,1996,DET,95,267,52,80,17,5,10,31,0,0,216000
prietar01,1996,OAK,21,,,,,,,,,,194000
princto01,1996,LAN,40,64,6,19,6,0,1,6,2,2,350000
pulliha01,1996,COL,10,15,2,2,0,0,0,2,0,0,150000
quantpa01,1996,TOR,38,,,,,,,,,,700000
raabebr01,1996,MIN,7,9,0,2,0,0,0,0,0,1,160000
radinsc01,1996,LAN,58,1,0,0,0,0,0,0,0,0,900000
radkebr01,1996,MIN,35,,,,,,,,,,450000
raineti01,1996,NYA,59,201,45,57,10,0,9,34,1,4,1703644
ramirma02,1996,CLE,152,550,94,170,45,3,33,85,3,9,2100000
randajo01,1996,KCA,110,337,36,102,24,1,6,26,1,4,220000
rapppa01,1996,FLO,30,58,2,7,1,0,0,0,0,0,1125000
rebouje01,1996,MIN,107,234,20,52,9,0,0,25,1,2,200000
reedje02,1996,COL,116,341,34,97,20,1,8,43,2,3,650000
reedjo01,1996,SDN,146,495,45,121,20,0,2,59,3,6,675000
reedst01,1996,COL,70,3,0,1,0,0,0,0,0,0,1200000
remlimi01,1996,CIN,19,7,0,1,0,0,0,1,0,0,155000
renteed01,1996,FLO,106,431,68,133,18,3,5,33,2,3,109500
reyesal01,1996,ML4,5,0,0,0,0,0,0,0,0,0,153000
reyesca01,1996,OAK,46,,,,,,,,,,200000
reynoar02,1996,COL,30,52,4,9,1,0,0,5,0,0,1000000
reynosh01,1996,HOU,35,76,6,14,2,0,2,3,0,0,2050000
rhodear01,1996,BAL,28,0,0,0,0,0,0,0,0,0,1600000
ripkebi01,1996,BAL,57,135,19,31,8,0,2,9,1,1,275000
ripkeca01,1996,BAL,163,640,94,178,40,1,26,59,4,4,6850000
rislebi01,1996,TOR,25,,,,,,,,,,380000
ritzke01,1996,COL,35,65,7,15,2,0,1,7,0,0,2500000
riverma01,1996,NYA,61,,,,,,,,,,550000
riverru01,1996,NYA,46,88,17,25,6,1,2,13,2,2,158800
roajo01,1996,CLE,1,,,,,,,,,,150000
roberbi01,1996,KCA,90,339,39,96,21,2,0,25,2,6,1950000
robermi01,1996,CHA,6,7,0,1,1,0,0,0,0,0,150000
roberri02,1996,MIN,36,,,,,,,,,,205000
rodrial01,1996,SEA,146,601,141,215,54,1,36,59,4,7,1062500
rodrifr02,1996,MIN,38,,,,,,,,,,220000
rodrihe02,1996,MON,145,532,81,147,42,1,36,37,3,4,2300000
rodriiv01,1996,TEX,153,639,116,192,47,3,19,38,4,4,6825000
rogerke01,1996,NYA,30,,,,,,,,,,5000000
rojasme01,1996,MON,74,8,0,3,1,0,0,0,0,0,4583333
rolensc01,1996,PHI,37,130,10,33,7,0,4,13,1,2,150000
rosadjo01,1996,KCA,16,,,,,,,,,,200000
ruebema01,1996,PIT,26,13,0,3,0,0,0,1,0,0,160000
rueteki01,1996,SFN,4,7,0,1,0,0,0,1,0,0,260000
rueteki01,1996,MON,16,25,2,3,0,0,0,1,0,1,260000
ruffcsc01,1996,CHA,3,,,,,,,,,,158500
ryanke01,1996,PHI,62,7,0,1,0,0,0,0,0,0,900000
sageraj01,1996,DET,22,,,,,,,,,,200000
salmoti01,1996,CAL,156,581,90,166,27,4,30,93,4,3,3500000
samueju01,1996,TOR,69,188,34,48,8,3,8,15,3,1,375000
sanchre01,1996,CHN,95,289,28,61,9,0,1,22,3,2,1287500
sandbry01,1996,CHN,150,554,85,135,28,4,25,54,7,5,3250000
sandere02,1996,CIN,81,287,49,72,17,1,14,44,2,1,3700000
sandesc02,1996,SDN,46,36,2,7,3,0,0,1,0,0,1300000
santafp01,1996,MON,152,393,54,109,20,5,7,49,11,5,212500
santibe01,1996,PHI,136,481,71,127,21,2,30,49,1,2,2500000
schilcu01,1996,PHI,28,63,1,11,1,0,0,1,0,0,3500000
schmija01,1996,PIT,6,12,0,1,0,0,0,0,0,0,210000
schmija01,1996,ATL,13,19,1,0,0,0,0,2,0,0,210000
schoupe01,1996,CIN,13,19,1,5,0,0,0,1,0,0,2640000
scottti01,1996,SFN,20,1,0,0,0,0,0,0,0,0,415000
scottti01,1996,MON,45,4,0,0,0,0,0,0,0,0,415000
sefcike01,1996,PHI,44,116,10,33,5,3,0,9,2,2,150000
seguida01,1996,MON,115,416,69,119,30,1,11,60,0,1,1550000
seitzke01,1996,ML4,132,490,74,155,25,3,12,73,4,5,1220000
seitzke01,1996,CLE,22,83,11,32,10,0,1,14,1,0,1220000
seleaa01,1996,BOS,29,,,,,,,,,,1126000
servasc01,1996,CHN,129,445,42,118,20,0,11,30,14,7,1370000
servisc01,1996,CIN,34,5,0,0,0,0,0,0,0,0,225000
shawje01,1996,CIN,78,5,0,0,0,0,0,1,0,0,650000
sheafda01,1996,SLN,79,198,10,45,9,3,2,9,3,0,425000
sheetan01,1996,SEA,47,110,18,21,8,0,0,10,1,1,152500
sheffga01,1996,FLO,161,519,118,163,33,1,42,142,10,6,6100000
shiplcr01,1996,SDN,33,92,13,29,5,0,1,2,2,2,500000
shueypa01,1996,CLE,42,,,,,,,,,,197000
sierrru01,1996,DET,46,158,22,35,9,1,1,20,0,2,6700000
sierrru01,1996,NYA,96,360,39,93,17,1,11,40,0,7,6700000
silveda01,1996,MON,86,162,16,33,4,0,1,34,0,1,185000
simasbi01,1996,CHA,64,,,,,,,,,,200000
simmsmi01,1996,HOU,49,68,6,12,2,1,1,4,1,0,200000
sirotmi01,1996,CHA,15,,,,,,,,,,165000
slocuhe01,1996,BOS,75,,,,,,,,,,2300000
smallaa01,1996,OAK,12,,,,,,,,,,155000
smallma01,1996,HOU,16,1,0,0,0,0,0,0,0,0,155000
smilejo01,1996,CIN,35,68,1,13,2,0,0,4,0,0,3750000
smithle02,1996,CIN,43,0,0,0,0,0,0,0,0,0,400000
smithle02,1996,CAL,11,,,,,,,,,,400000
smithma03,1996,BAL,27,78,9,19,2,0,4,3,3,0,150000
smoltjo01,1996,ATL,35,78,3,17,3,0,1,3,1,1,7000000
snopech01,1996,CHA,46,104,18,27,6,1,6,6,1,1,185000
snowjt01,1996,CAL,155,575,69,148,20,1,17,56,5,3,1825000
sojolu01,1996,SEA,77,247,20,52,8,1,1,10,1,0,425000
sojolu01,1996,NYA,18,40,3,11,2,0,0,1,0,1,425000
sorrepa01,1996,SEA,143,471,67,136,32,1,23,57,7,5,1500000
sosasa01,1996,CHN,124,498,84,136,21,2,40,34,5,4,5500000
sparkst01,1996,ML4,20,0,0,0,0,0,0,0,0,0,175000
spehrti01,1996,MON,63,44,4,4,1,0,1,3,1,0,260000
spehrti01,1996,MON,63,44,4,4,1,0,1,3,1,0,150000
spierbi01,1996,HOU,122,218,27,55,10,1,6,20,2,1,600000
spiezsc01,1996,OAK,9,29,6,9,2,0,2,4,0,0,151000
spoljpa01,1996,TOR,28,,,,,,,,,,185000
spradje01,1996,CIN,1,0,0,0,0,0,0,0,0,0,150000
spraged02,1996,TOR,159,591,88,146,35,2,36,60,12,7,1900000
sprinde01,1996,CAL,20,,,,,,,,,,195000
sprinru01,1996,PHI,51,17,1,1,0,0,0,0,0,0,400000
stahosc01,1996,MIN,130,405,72,115,30,3,13,59,2,2,275000
stairma01,1996,OAK,61,137,21,38,5,1,10,19,1,1,165000
stankan01,1996,MON,64,77,12,22,5,1,0,6,3,1,220000
stanlmi02,1996,BOS,121,397,73,107,20,1,24,69,5,2,2100000
stantmi02,1996,BOS,59,,,,,,,,,,1616667
stantmi02,1996,TEX,22,0,0,0,0,0,0,0,0,0,1616667
steinte01,1996,OAK,145,514,79,140,25,1,35,49,6,2,2850000
stephga01,1996,BAL,3,,,,,,,,,,150000
steveda01,1996,MIN,49,,,,,,,,,,210000
stevele01,1996,TEX,27,78,6,18,2,3,3,6,1,1,300000
stewash01,1996,TOR,7,17,2,3,1,0,0,1,0,0,154000
stockke01,1996,PHI,119,394,46,100,22,6,5,43,8,4,890000
stottto01,1996,SLN,34,66,8,15,0,0,0,7,0,0,4100000
strando01,1996,SEA,88,183,19,43,7,1,3,14,1,2,220000
strawda01,1996,NYA,63,202,35,53,13,0,11,31,1,3,750000
stynech01,1996,KCA,36,92,8,27,6,0,0,2,0,0,165000
sullisc01,1996,CIN,7,1,0,0,0,0,0,0,0,0,150000
surhobj01,1996,BAL,143,537,74,157,27,6,21,47,3,1,1616667
sveumda01,1996,PIT,12,34,9,12,5,0,1,6,0,0,400000
swartda01,1996,CHN,6,6,0,0,0,0,0,1,0,0,153500
sweenma01,1996,SLN,98,170,32,45,9,0,3,33,1,0,185000
sweenmi01,1996,KCA,50,165,23,46,10,0,4,18,4,3,175000
swiftbi02,1996,COL,7,6,0,2,0,0,0,0,0,0,4608333
swindgr01,1996,CLE,13,,,,,,,,,,750000
swindgr01,1996,HOU,8,6,0,2,1,0,0,0,0,0,750000
tapanke01,1996,CHA,34,,,,,,,,,,3750000
tarasto01,1996,BAL,31,84,14,20,3,0,1,7,0,0,270000
tartada01,1996,CHA,132,472,58,120,23,3,27,64,0,5,2000000
taubeed01,1996,CIN,108,327,46,95,20,0,12,26,0,5,900000
tavarje01,1996,FLO,98,114,14,25,3,0,0,7,0,0,175000
tavarju01,1996,CLE,51,,,,,,,,,,683333
taylobi04,1996,OAK,55,,,,,,,,,,575000
telghda01,1996,OAK,16,,,,,,,,,,165000
tettlmi01,1996,TEX,143,491,78,121,26,1,24,95,3,9,1783140
tewksbo01,1996,SDN,36,65,1,2,1,0,0,3,0,0,2000000
tewksbo01,1996,SDN,36,65,1,2,1,0,0,3,0,0,125000
thomafr04,1996,CHA,141,527,110,184,26,0,40,109,5,8,7150000
thomeji01,1996,CLE,151,505,122,157,28,5,38,123,6,2,2625000
thompju02,1996,DET,11,,,,,,,,,,198000
thompma01,1996,COL,34,58,3,8,3,0,0,1,0,0,252000
thompro01,1996,SFN,63,227,35,48,11,1,5,24,5,0,375000
timlimi01,1996,TOR,59,,,,,,,,,,1300000
tinslle01,1996,PHI,31,52,1,7,0,0,0,4,0,0,400000
tinslle01,1996,BOS,92,192,28,47,6,1,3,13,2,1,400000
tombean01,1996,NYN,63,66,12,17,4,0,3,9,1,0,200000
torresa01,1996,SEA,10,,,,,,,,,,175000
trachst01,1996,CHN,31,66,3,7,2,0,1,1,0,0,2100000
trlicri01,1996,NYN,5,0,0,0,0,0,0,0,0,0,177500
trlicri01,1996,NYN,5,0,0,0,0,0,0,0,0,0,184250
trombmi01,1996,MIN,43,,,,,,,,,,375000
tuckemi01,1996,KCA,108,339,55,88,18,4,12,40,7,4,250000
turnech01,1996,CAL,4,3,1,1,0,0,0,1,0,1,155000
urbinug01,1996,MON,33,29,3,3,0,0,0,2,0,0,175000
valdeis01,1996,LAN,33,70,6,10,1,0,0,1,0,0,900000
valdema01,1996,FLO,11,14,0,0,0,0,0,1,0,0,152500
valenfe01,1996,SDN,36,63,4,9,2,0,0,0,0,0,1650000
valenjo02,1996,BOS,131,527,84,156,29,3,13,63,7,7,3750000
valenjo03,1996,ML4,154,552,90,143,33,7,24,66,0,4,1445667
vandejo02,1996,COL,104,151,20,38,6,2,5,19,1,2,500000
vanlawi01,1996,SFN,32,61,3,8,1,0,0,2,0,1,295000
vaughgr01,1996,SDN,43,141,20,29,3,1,10,24,2,0,4000000
vaughgr01,1996,ML4,102,375,78,105,16,0,31,58,4,5,4000000
vaughmo01,1996,BOS,161,635,118,207,29,1,44,95,14,8,6350000
velarra01,1996,CAL,136,530,82,151,27,3,14,70,5,2,800000
venturo01,1996,CHA,158,586,96,168,31,2,34,78,2,8,6000000
verasda01,1996,SDN,23,0,0,0,0,0,0,0,0,0,172000
verasqu01,1996,FLO,73,253,40,64,8,1,4,51,2,1,310000
veresda01,1996,MON,68,8,1,3,1,0,0,0,0,0,725000
veresra01,1996,DET,25,,,,,,,,,,185000
villoro01,1996,SDN,21,0,0,0,0,0,0,0,0,0,205000
villoro01,1996,ML4,23,,,,,,,,,,205000
vife01,1996,ML4,140,554,94,157,19,10,7,38,13,4,810000
vitiejo01,1996,KCA,85,257,29,62,15,1,8,38,3,3,210000
vizcajo01,1996,NYN,96,363,47,110,12,6,1,28,3,2,2800000
vizcajo01,1996,CLE,48,179,23,51,5,2,0,7,0,1,2800000
vizquom01,1996,CLE,151,542,98,161,36,1,9,56,4,9,3050000
voigtja01,1996,TEX,5,9,1,1,0,0,0,0,0,0,150000
vosbeed01,1996,TEX,52,,,,,,,,,,450000
wadete01,1996,ATL,44,13,0,2,0,0,0,1,0,0,180000
wagnebi02,1996,HOU,37,5,0,0,0,0,0,0,0,0,185000
wagnema02,1996,SEA,15,,,,,,,,,,155000
wagnepa01,1996,PIT,17,25,1,1,0,0,0,2,0,0,300000
wainhda01,1996,PIT,17,1,0,0,0,0,0,0,0,0,160000
wakefti01,1996,BOS,32,,,,,,,,,,2500000
walbema01,1996,MIN,63,215,25,48,10,0,2,9,0,2,550000
walkela01,1996,COL,83,272,58,75,18,4,18,20,9,3,6325000
walketo04,1996,MIN,25,82,8,21,6,0,0,4,0,3,150000
wallade01,1996,NYN,19,0,0,0,0,0,0,0,0,0,151500
waltoje01,1996,ATL,37,47,9,16,5,0,1,5,0,2,385000
wardtu01,1996,ML4,43,67,7,12,2,1,2,13,0,1,300000
wasdijo01,1996,OAK,25,,,,,,,,,,185000
watsoal01,1996,SFN,32,65,5,15,3,0,0,5,0,0,1300000
weathda01,1996,FLO,32,19,1,3,0,0,1,0,1,0,435000
weathda01,1996,NYA,11,,,,,,,,,,435000
webstle01,1996,MON,78,174,18,40,10,0,2,25,2,1,425000
weisswa01,1996,COL,155,517,89,146,20,2,8,80,6,6,2700000
wellsbo01,1996,SEA,36,,,,,,,,,,280000
wellsda01,1996,BAL,34,,,,,,,,,,3766667
wendetu01,1996,CHN,70,2,0,1,0,0,0,1,0,0,350000
wengedo01,1996,OAK,36,,,,,,,,,,172500
wettejo01,1996,NYA,62,0,0,0,0,0,0,0,0,0,4575000
whitede03,1996,FLO,146,552,77,151,37,6,17,38,8,9,3400000
whitema01,1996,SEA,40,140,31,42,7,0,12,21,2,0,1000000
whitema01,1996,PHI,60,182,33,43,8,0,7,33,1,0,1000000
whitema01,1996,ATL,36,90,12,23,5,1,3,16,0,1,1000000
whitema02,1996,TEX,14,,,,,,,,,,375000
whitero02,1996,MON,88,334,35,98,19,4,6,22,2,1,500000
wickmbo01,1996,ML4,12,0,0,0,0,0,0,0,0,0,1216000
wickmbo01,1996,NYA,58,,,,,,,,,,1216000
widgech01,1996,SEA,8,11,1,2,0,0,0,0,1,0,152500
wilkima01,1996,PIT,47,9,1,2,0,0,0,1,0,0,162500
wilkiri01,1996,SFN,52,157,19,46,10,0,8,21,0,5,2000000
wilkiri01,1996,SFN,52,157,19,46,10,0,8,21,0,5,150000
wilkiri01,1996,HOU,84,254,34,54,8,2,6,46,1,5,2000000
wilkiri01,1996,HOU,84,254,34,54,8,2,6,46,1,5,150000
willibe02,1996,NYA,143,551,108,168,26,7,29,82,0,7,5300000
willied01,1996,DET,77,215,22,43,5,0,6,18,2,1,250000
willige02,1996,ML4,26,92,6,19,4,0,0,4,1,0,700000
willige02,1996,NYA,99,233,37,63,15,4,5,15,4,5,700000
willige03,1996,OAK,56,132,17,20,5,0,3,28,3,1,165000
willima04,1996,SFN,105,404,69,122,16,1,22,39,6,6,7150000
williwo02,1996,TOR,12,,,,,,,,,,387500
wilsoda01,1996,SEA,138,491,51,140,24,0,18,32,3,5,1125000
wilsode01,1996,SFN,41,118,10,32,2,0,2,12,0,0,150000
wilsopa02,1996,NYN,26,50,3,4,0,0,1,1,1,0,167500
wittbo01,1996,TEX,33,,,,,,,,,,2000000
wohlema01,1996,ATL,77,3,0,0,0,0,0,0,0,0,3000000
wojcist01,1996,OAK,18,0,0,0,0,0,0,0,0,0,154000
wolcobo01,1996,SEA,30,,,,,,,,,,195000
womacto01,1996,PIT,17,30,11,10,3,1,0,6,1,0,160000
worreti01,1996,SDN,50,20,1,3,0,0,0,1,0,0,835000
worreto01,1996,LAN,72,0,0,0,0,0,0,0,0,0,3750000
wrighja01,1996,COL,16,26,3,2,2,0,0,2,0,0,169500
youngdm01,1996,SLN,16,29,3,7,0,0,0,4,1,0,155000
younger01,1996,COL,141,568,113,184,23,4,8,47,21,5,3200000
younger02,1996,OAK,141,462,72,112,19,4,19,52,7,4,195000
youngke01,1996,KCA,55,132,20,32,6,0,8,11,0,0,400000
zaungr01,1996,FLO,10,31,4,9,1,0,1,3,0,0,205000
zaungr01,1996,BAL,50,108,16,25,8,1,1,11,2,2,205000
zeileto01,1996,PHI,134,500,61,134,24,0,20,67,1,4,3100000
zeileto01,1996,BAL,29,117,17,28,8,0,5,15,0,0,3100000
aardsda01,2006,CHN,45,2,0,0,0,0,0,0,0,0,387500
abreubo01,2006,NYA,58,209,37,69,16,0,7,33,1,3,15000000
abreubo01,2006,PHI,98,339,61,94,25,2,8,91,2,6,15000000
accarje01,2006,SFN,38,5,0,0,0,0,0,0,0,0,392200
accarje01,2006,TOR,27,0,0,0,0,0,0,0,0,0,392200
affelje01,2006,KCA,27,2,0,0,0,0,0,0,0,0,1250000
affelje01,2006,COL,27,1,0,0,0,0,0,0,0,0,1250000
alfon01,2006,TEX,19,0,0,0,0,0,0,0,0,0,380000
alfonel01,2006,SFN,87,286,27,76,17,2,12,9,7,3,382000
aloumo01,2006,SFN,98,345,52,104,25,1,22,28,1,4,7500000
amezaal01,2006,FLO,132,334,42,87,9,3,3,33,3,1,380000
anderbr03,2006,CHA,134,365,46,82,23,1,8,30,5,3,390000
anderga01,2006,LAA,141,543,63,152,28,2,17,38,0,7,11600000
anderma02,2006,WAS,109,215,31,59,13,2,5,18,1,2,925000
anderma02,2006,LAN,25,64,12,24,3,2,7,7,0,1,925000
aquingr01,2006,ARI,42,1,0,0,0,0,0,0,0,0,399000
ariasjo01,2006,TEX,6,11,4,6,1,0,0,1,0,0,381000
armasto02,2006,WAS,30,50,1,3,0,0,0,1,0,0,3000000
arroybr01,2006,CIN,35,81,5,9,3,0,2,3,0,0,4125000
atkinga01,2006,COL,157,602,117,198,48,1,29,79,7,7,400000
aurilri01,2006,CIN,122,440,61,132,25,1,23,34,1,4,3500000
ausmubr01,2006,HOU,139,439,37,101,16,1,2,45,6,3,4000000
aybarer01,2006,LAA,34,40,5,10,1,1,0,0,0,0,382500
aybarwi01,2006,LAN,43,128,15,32,12,0,3,18,3,0,385000
aybarwi01,2006,ATL,36,115,17,36,6,0,1,10,1,0,385000
backebr01,2006,HOU,9,14,0,2,0,0,0,1,0,0,545000
baezda01,2006,ATL,11,0,0,0,0,0,0,0,0,0,5666667
baezda01,2006,LAN,46,0,0,0,0,0,0,0,0,0,5666667
bakerje03,2006,COL,18,57,13,21,7,2,5,1,0,0,400000
bakopa01,2006,KCA,56,153,7,32,3,0,0,11,0,1,900000
baldero01,2006,TBA,92,364,59,110,24,6,16,14,7,2,750000
barajro01,2006,TEX,97,344,49,88,20,0,11,17,4,1,2500000
bardjo01,2006,BOS,7,18,2,5,1,0,0,3,0,0,1050000
bardjo01,2006,SDN,93,231,28,78,19,0,9,27,1,2,1050000
barfijo02,2006,SDN,150,539,72,151,32,3,13,30,2,5,395800
barremi01,2006,CHN,107,375,54,115,25,3,16,33,5,3,4533333
bartlja01,2006,MIN,99,333,44,103,18,2,2,22,11,5,405000
batismi01,2006,ARI,34,60,3,6,1,0,0,2,0,1,6000000
bautijo02,2006,PIT,117,400,58,94,20,3,16,46,16,4,397500
bayja01,2006,PIT,159,570,101,163,29,3,35,102,8,9,3500000
baylijo01,2006,PIT,11,0,0,0,0,0,0,0,0,0,384000
beckejo02,2006,BOS,33,7,2,3,0,0,1,0,0,0,6666667
bedarer01,2006,BAL,33,2,0,0,0,0,0,0,0,0,3400000
beimejo01,2006,LAN,62,1,0,0,0,0,0,0,0,0,912500
belisma01,2006,CIN,30,5,0,0,0,0,0,0,0,0,390000
bellhe01,2006,NYN,22,1,0,0,0,0,0,0,0,0,385500
belliro01,2006,CLE,93,350,43,102,21,0,8,21,4,2,750000
belliro01,2006,SLN,54,194,20,46,9,1,5,15,1,0,750000
beltrad01,2006,SEA,156,620,88,166,39,4,25,47,10,3,12900000
beltrca01,2006,NYN,140,510,127,140,38,1,41,95,4,7,13571429
benitar01,2006,SFN,41,0,0,0,0,0,0,0,0,0,9866219
bennega01,2006,SLN,60,157,13,35,5,0,4,11,0,0,850000
benoijo01,2006,TEX,56,0,0,0,0,0,0,0,0,0,1050000
bensokr01,2006,BAL,30,9,1,1,0,0,1,0,0,0,7144556
bergmja01,2006,WAS,29,8,0,0,0,0,0,1,0,0,380000
berkmla01,2006,HOU,152,536,95,169,29,0,45,98,4,8,14500000
betanra01,2006,CLE,50,0,0,0,0,0,0,0,0,0,840000
betanyu01,2006,SEA,157,558,68,161,28,6,8,17,1,1,727500
betemwi01,2006,LAN,55,174,19,42,7,0,9,17,0,2,405000
betemwi01,2006,ATL,88,199,30,56,16,0,9,19,0,0,405000
biggicr01,2006,HOU,145,548,79,135,33,0,21,40,9,5,5150000
billich01,2006,LAN,18,24,2,2,0,0,0,2,1,0,384500
blakeca01,2006,CLE,109,401,63,113,20,1,19,45,4,5,3750000
blaloha01,2006,TEX,152,591,76,157,26,3,16,51,2,2,4800000
blanche01,2006,CHN,74,241,23,64,15,2,6,14,0,2,1775000
blantjo01,2006,OAK,32,2,0,0,0,0,0,0,0,0,380000
bloomwi01,2006,SEA,102,251,36,62,6,2,1,24,4,2,875000
blumge01,2006,SDN,109,276,27,70,17,1,4,17,0,4,900000
bondeje01,2006,DET,34,4,0,0,0,0,0,0,0,0,4500000
bondsba01,2006,SFN,130,367,74,99,23,0,26,115,10,1,15533970
bonsebo01,2006,MIN,18,3,1,0,0,0,0,0,0,0,397500
booneaa01,2006,CLE,104,354,50,89,19,1,7,27,6,1,925000
bootcch01,2006,LAA,7,0,0,0,0,0,0,0,0,0,380000
borchjo01,2006,FLO,108,230,30,53,7,1,10,28,3,0,380000
borchjo01,2006,SEA,6,9,3,2,0,0,0,0,0,0,380000
borkoda01,2006,HOU,40,5,0,0,0,0,0,0,0,0,575000
borowjo01,2006,FLO,72,0,0,0,0,0,0,0,0,0,4000000
bournmi01,2006,PHI,17,8,2,1,0,0,0,1,0,0,380000
bowenro01,2006,SDN,94,94,22,23,5,0,3,13,1,1,382300
bowiemi01,2006,WAS,15,1,0,0,0,0,0,0,0,0,435000
bradfch01,2006,NYN,70,0,0,0,0,0,0,0,0,0,3166667
bradlmi01,2006,OAK,96,351,53,97,14,2,14,51,2,1,4000000
branyru01,2006,TBA,64,169,23,34,10,0,12,19,2,2,1000000
branyru01,2006,SDN,27,72,14,21,1,0,6,15,1,1,1000000
braunry01,2006,KCA,9,0,0,0,0,0,0,0,0,0,380000
braybi01,2006,WAS,19,1,0,0,0,0,0,0,0,0,382500
braybi01,2006,CIN,29,0,0,0,0,0,0,0,0,0,382500
brazoyh01,2006,LAN,5,0,0,0,0,0,0,0,0,0,395000
brocado01,2006,SDN,25,0,0,0,0,0,0,0,0,0,500000
brousbe01,2006,SEA,56,164,17,39,7,0,8,9,2,2,3550000
brousbe01,2006,CLE,88,268,44,86,14,0,13,17,1,2,3550000
brownem01,2006,KCA,147,527,77,151,41,2,15,59,5,10,3450000
broxtjo01,2006,LAN,68,2,0,0,0,0,0,1,0,0,390000
brunebr01,2006,NYA,19,0,0,0,0,0,0,0,0,0,395545
buckjo01,2006,KCA,114,371,37,91,21,1,11,26,7,1,440000
buehrma01,2006,CHA,32,4,0,0,0,0,0,0,0,0,9500000
burgoam01,2006,KCA,68,0,0,0,0,0,0,0,0,0,415000
burkech01,2006,HOU,123,366,58,101,23,1,9,27,14,2,415000
burneaj01,2006,TOR,21,3,0,0,0,0,0,0,0,0,13200000
burrepa01,2006,PHI,144,462,80,119,24,1,29,98,3,4,13250000
bushda01,2006,MIL,34,62,6,11,3,0,0,0,1,0,450000
bynumfr01,2006,CHN,71,136,20,35,5,5,4,9,1,0,380000
byrdpa01,2006,CLE,31,4,0,1,0,0,0,0,0,0,7000000
byrneer01,2006,ARI,143,562,82,150,37,3,26,34,5,3,4575000
cabreda01,2006,BAL,26,1,0,0,0,0,0,0,0,0,1825000
cabrefe01,2006,CLE,51,0,0,0,0,0,0,0,0,0,391800
cabreme01,2006,NYA,130,460,75,129,26,2,7,56,2,1,432400
cabremi01,2006,FLO,158,576,112,195,50,2,26,86,10,4,7400000
cabreor01,2006,LAA,153,607,95,171,45,1,9,51,3,11,8500000
cainma01,2006,SFN,32,57,1,8,2,0,0,1,0,0,650000
cairomi01,2006,NYA,81,222,28,53,12,3,0,13,1,3,750000
calerki01,2006,OAK,70,0,0,0,0,0,0,0,0,0,1600000
callaal01,2006,ARI,23,42,2,10,1,1,0,4,0,1,380000
camermi01,2006,SDN,141,552,88,148,34,9,22,71,6,5,7000000
campsh01,2006,TBA,75,0,0,0,0,0,0,0,0,0,411000
canoro01,2006,NYA,122,482,62,165,41,1,15,18,2,5,490800
cappsma01,2006,PIT,85,2,1,0,0,0,0,1,0,0,401000
capuach01,2006,MIL,35,68,3,8,1,0,0,2,0,0,3250000
carmofa01,2006,CLE,38,0,0,0,0,0,0,0,0,0,387500
carpech01,2006,SLN,32,71,2,9,0,0,0,0,0,0,8500000
carrahe01,2006,LAA,56,0,0,0,0,0,0,0,0,0,3000000
carroja01,2006,COL,136,463,84,139,23,5,5,56,3,3,1700000
caseyse01,2006,PIT,59,213,30,63,15,0,3,23,6,2,4000000
caseyse01,2006,DET,53,184,17,45,7,0,5,10,1,1,4000000
cassisc01,2006,SDN,42,1,0,0,0,0,0,0,0,0,384000
castijo02,2006,PIT,148,518,54,131,25,0,14,32,5,6,1900000
castilu01,2006,MIN,142,584,84,173,22,6,3,56,1,2,5750000
castrju01,2006,MIN,50,156,10,36,5,2,1,6,0,1,925000
castrju01,2006,CIN,54,95,8,27,5,1,2,5,0,0,925000
castrra01,2006,NYN,40,126,13,30,7,0,4,15,1,1,850000
catalfr01,2006,TOR,128,437,56,131,36,2,7,52,4,4,3500000
cedenro02,2006,CHN,151,534,51,131,18,7,6,17,3,3,400000
chacigu01,2006,TOR,17,0,0,0,0,0,0,0,0,0,395300
chacosh01,2006,NYA,17,2,1,0,0,0,0,1,0,0,3825000
chacosh01,2006,PIT,9,13,1,1,1,0,0,0,0,0,3825000
chaveen01,2006,NYN,133,353,48,108,22,5,4,24,0,2,1725000
chaveer01,2006,OAK,137,485,74,117,24,2,22,84,1,6,9500000
chenbr01,2006,BAL,40,1,0,1,0,0,0,0,0,0,600000
chulkvi01,2006,SFN,28,1,0,0,0,0,0,0,0,0,396000
chulkvi01,2006,TOR,20,0,0,0,0,0,0,0,0,0,396000
churcry01,2006,WAS,71,196,22,54,17,1,10,26,3,2,395000
cintral01,2006,CHA,91,288,35,82,10,3,5,10,2,3,1900000
cirilje01,2006,MIL,112,263,33,84,16,0,3,21,1,2,1500000
clarkbr02,2006,MIL,138,415,51,109,14,2,4,43,14,5,3900000
clarkto02,2006,ARI,79,132,13,26,4,0,6,13,2,0,1034000
claytro01,2006,WAS,87,305,36,82,22,1,0,19,4,5,1500000
claytro01,2006,CIN,50,149,13,35,8,0,2,11,1,1,1500000
clemema01,2006,BOS,12,3,1,1,0,0,0,0,0,0,9500000
coffeto01,2006,CIN,81,0,0,0,0,0,0,0,0,0,407500
colomje01,2006,TBA,1,0,0,0,0,0,0,0,0,0,815000
colonba01,2006,LAA,10,1,0,0,0,0,0,0,0,0,16000000
colonro01,2006,DET,20,0,0,0,0,0,0,0,0,0,385000
condrcl01,2006,PHI,21,2,0,0,0,0,0,0,0,0,385000
coninje01,2006,PHI,28,100,11,28,6,1,1,5,2,0,2000000
coninje01,2006,BAL,114,389,43,103,20,3,9,35,2,5,2000000
contrjo01,2006,CHA,30,4,1,0,0,0,0,2,0,0,9000000
cookaa01,2006,COL,32,58,1,3,0,0,0,4,0,0,3100000
coraal01,2006,BOS,96,235,31,56,7,2,1,19,6,0,2000000
cordech01,2006,WAS,68,2,0,0,0,0,0,0,0,0,4150000
cordefr01,2006,TEX,49,0,0,0,0,0,0,0,0,0,5425000
cordefr01,2006,MIL,28,0,0,0,0,0,0,0,0,0,5425000
cormila01,2006,ATL,29,12,0,1,0,0,0,0,0,0,405000
cormirh01,2006,CIN,21,0,0,0,0,0,0,0,0,0,2250000
cormirh01,2006,PHI,43,0,0,0,0,0,0,0,0,0,2250000
corpama01,2006,COL,35,0,0,0,0,0,0,0,0,0,382000
correke01,2006,SFN,48,12,1,1,0,0,0,0,0,0,400000
costech01,2006,PHI,65,198,25,65,14,0,7,10,5,0,385000
cotahu01,2006,PIT,38,100,5,19,1,0,0,8,0,1,537500
cottsne01,2006,CHA,70,0,0,0,0,0,0,0,0,0,825000
counscr01,2006,ARI,105,372,56,95,14,4,4,31,9,1,2800000
crainje01,2006,MIN,68,0,0,0,0,0,0,0,0,0,500000
crawfca02,2006,TBA,151,600,89,183,20,16,18,37,4,2,4125000
credejo01,2006,CHA,150,544,76,154,31,0,30,28,7,7,4940000
crispco01,2006,BOS,105,413,58,109,22,2,8,31,1,0,3833333
crosbbo01,2006,OAK,96,358,42,82,12,0,9,36,0,2,2550000
cruzjo02,2006,LAN,86,223,34,52,16,1,5,43,0,3,650000
cruzju02,2006,ARI,31,21,0,0,0,0,0,3,0,0,1437500
cruzne02,2006,TEX,41,130,15,29,3,0,6,7,0,1,382000
cuddymi01,2006,MIN,150,557,102,158,41,5,24,62,10,6,3575000
damonjo01,2006,NYA,149,593,115,169,35,5,24,67,4,5,13000000
davanje02,2006,ARI,87,221,38,64,12,4,5,31,0,4,1250000
davisdo02,2006,MIL,34,65,5,3,0,0,0,1,1,0,5500000
davisja02,2006,CLE,39,0,0,0,0,0,0,0,0,0,670000
dejesda01,2006,KCA,119,491,83,145,36,7,8,43,12,4,2000000
delarjo01,2006,KCA,10,0,0,0,0,0,0,0,0,0,417000
delarjo01,2006,MIL,18,5,0,0,0,0,0,0,0,0,417000
delgaca01,2006,NYN,144,524,89,139,30,2,38,74,10,10,14500000
delluda01,2006,PHI,132,264,41,77,14,5,13,28,6,3,3750000
dempsry01,2006,CHN,74,2,0,0,0,0,0,0,0,0,5333333
denorch01,2006,CIN,49,106,14,30,6,0,1,11,1,0,382500
derosma01,2006,TEX,136,520,78,154,40,2,13,44,6,2,2750000
desseel01,2006,LAN,19,1,0,0,0,0,0,0,0,0,1700000
desseel01,2006,KCA,43,0,0,0,0,0,0,0,0,0,1700000
diazma02,2006,ATL,124,297,37,97,15,4,7,11,9,4,395000
dirle01,2006,BOS,13,1,0,0,0,0,0,0,0,0,389750
dobbsgr01,2006,SEA,23,27,4,10,3,1,0,0,1,0,385000
donnebr01,2006,LAA,62,0,0,0,0,0,0,0,0,0,1400000
doteloc01,2006,NYA,14,0,0,0,0,0,0,0,0,0,5000000
doumiry01,2006,PIT,61,149,15,31,9,0,6,15,11,2,390000
downssc01,2006,TOR,59,0,0,0,0,0,0,0,0,0,1025000
drewjd01,2006,LAN,146,494,84,140,34,6,20,89,4,6,14000000
drewst01,2006,ARI,59,209,27,66,13,7,5,14,0,1,1500000
duchsju01,2006,OAK,53,0,0,0,0,0,0,0,0,0,1187500
duckwbr01,2006,KCA,10,3,1,1,1,0,0,0,0,0,550000
duffych01,2006,PIT,84,314,46,80,14,3,2,19,10,1,395000
dukeza01,2006,PIT,34,68,2,13,3,0,0,1,0,0,410000
duncach01,2006,SLN,90,280,60,82,11,3,22,30,2,2,400000
dund01,2006,CIN,160,561,99,131,24,0,40,112,6,3,10500000
durbich01,2006,DET,3,0,0,0,0,0,0,0,0,0,385000
durhara01,2006,SFN,137,498,79,146,30,7,26,51,2,2,7000000
dyeje01,2006,CHA,146,539,103,170,27,3,44,59,6,7,7500000
easleda01,2006,ARI,90,189,24,44,6,1,9,21,5,2,850000
eatod01,2006,TEX,13,0,0,0,0,0,0,0,0,0,7208333
eckstda01,2006,SLN,123,500,68,146,18,1,2,31,15,3,4583333
edmonji01,2006,SLN,110,350,52,90,18,0,19,53,0,5,9562540
elartsc01,2006,KCA,20,3,1,1,1,0,0,0,0,0,4000000
ellisja01,2006,SFN,84,81,14,18,5,1,2,5,1,1,390000
ellisma01,2006,OAK,124,441,64,110,25,1,11,40,8,7,3500000
embreal01,2006,SDN,73,1,0,0,0,0,0,0,0,0,2356496
encared01,2006,CIN,117,406,60,112,33,1,15,41,13,3,407500
encarju01,2006,SLN,153,557,74,155,25,5,19,30,4,6,5000000
ensbemo01,2006,HOU,127,387,67,91,17,1,23,101,4,3,4350000
erstada01,2006,LAA,40,95,8,21,8,1,0,6,2,1,750000
escobal01,2006,WAS,33,87,14,31,3,2,4,8,0,4,530000
escobke01,2006,LAA,30,4,0,0,0,0,0,0,0,0,9000000
estrajo01,2006,ARI,115,414,43,125,26,0,11,13,7,8,3400000
ethiean01,2006,LAN,126,396,50,122,20,7,11,34,5,6,387500
everead01,2006,HOU,150,514,52,123,28,6,6,34,4,4,2800000
eyresc01,2006,CHN,74,1,0,0,0,0,0,0,0,0,3833333
farnsky01,2006,NYA,72,0,0,0,0,0,0,0,0,0,5666667
feldmsc01,2006,TEX,36,0,0,0,0,0,0,0,0,0,388203
felicpe01,2006,NYN,64,3,0,0,0,0,0,0,0,0,602000
felizpe01,2006,SFN,160,603,75,147,35,5,22,33,1,6,5100000
fickro01,2006,WAS,60,128,14,34,4,0,2,10,1,0,850000
fieldpr01,2006,MIL,157,569,82,154,35,1,28,59,12,8,415000
figgich01,2006,LAA,155,604,93,161,23,8,9,65,2,7,3500000
finlest01,2006,SFN,139,426,66,105,21,12,6,46,2,4,1000000
florera01,2006,SLN,65,0,0,0,0,0,0,0,0,0,800000
floydcl01,2006,NYN,97,332,45,81,19,1,11,29,12,3,3000000
foggjo01,2006,COL,33,51,5,5,1,0,0,3,1,0,3625000
fordle01,2006,MIN,104,234,40,53,6,1,4,16,4,0,985000
fossuca01,2006,TBA,25,2,0,0,0,0,0,0,0,0,2725000
francje01,2006,COL,32,61,3,7,0,0,0,8,0,2,750000
francje02,2006,ATL,162,651,83,169,24,6,29,23,9,3,427500
francju01,2006,NYN,95,165,14,45,10,0,2,13,1,0,1150000
frandke01,2006,SFN,41,93,12,20,4,0,2,3,6,0,380500
frankry01,2006,PHI,46,2,0,0,0,0,0,0,0,0,1000000
frankry01,2006,CIN,20,2,0,0,0,0,0,0,0,0,1000000
frasoja01,2006,TOR,51,0,0,0,0,0,0,0,0,0,825000
freelry01,2006,CIN,132,454,67,123,30,2,8,57,9,0,2325000
fuentbr01,2006,COL,66,0,0,0,0,0,0,0,0,0,3500000
fultzaa01,2006,PHI,66,4,0,0,0,0,0,0,0,0,1500000
furcara01,2006,LAN,159,654,113,196,32,9,15,73,1,3,13730196
gagneer01,2006,LAN,2,0,0,0,0,0,0,0,0,0,6000000
garcifr02,2006,CHA,33,5,0,1,0,0,0,0,0,0,10000000
garcijo01,2006,FLO,5,2,0,1,0,0,0,0,0,0,380000
garcino01,2006,LAN,122,469,82,142,31,2,20,42,8,4,8516697
garkory01,2006,CLE,50,185,28,54,12,0,7,14,7,3,383100
garlajo01,2006,CHA,33,5,2,1,0,0,1,0,0,0,10000000
gaudich01,2006,OAK,55,0,0,0,0,0,0,0,0,0,400000
gearyge01,2006,PHI,81,5,2,1,1,0,0,1,0,0,837500
germaes01,2006,KCA,106,279,44,91,18,5,3,40,6,0,423000
giambja01,2006,NYA,139,446,92,113,25,0,37,110,16,7,23428571
gibboja01,2006,BAL,90,343,34,95,23,0,13,32,2,1,5000000
gilesbr02,2006,SDN,158,604,87,159,37,1,14,104,5,4,9666667
gilesma01,2006,ATL,141,550,87,144,32,2,11,62,6,3,3250000
gimenhe01,2006,HOU,2,2,0,0,0,0,0,0,0,0,380000
glaustr01,2006,TOR,153,540,105,136,27,0,38,86,3,5,10500000
glavito02,2006,NYN,32,53,6,9,1,0,0,7,0,0,7500000
gloadro01,2006,CHA,77,156,22,51,8,2,3,6,1,1,625000
gobblji01,2006,KCA,60,0,0,0,0,0,0,0,0,0,712500
gomesjo01,2006,TBA,117,385,53,83,21,1,20,61,6,9,407800
gomezch02,2006,BAL,55,132,14,45,7,0,2,7,3,0,850000
gonzaad01,2006,SDN,156,570,83,173,38,1,24,52,3,5,500000
gonzaal02,2006,BOS,111,388,48,99,24,2,9,22,5,7,3500000
gonzaed01,2006,ARI,11,13,0,1,0,0,0,0,0,0,387500
gonzalu01,2006,ARI,153,586,93,159,52,2,15,69,7,6,7156599
gonzami02,2006,PIT,54,1,0,0,0,0,0,0,0,0,2350000
gordoto01,2006,PHI,59,0,0,0,0,0,0,0,0,0,7000000
gorzeto01,2006,PIT,11,19,0,0,0,0,0,1,0,0,386000
grabojo02,2006,PIT,72,1,0,0,0,0,0,0,0,0,832500
graffto01,2006,KCA,69,220,34,59,16,0,5,25,1,0,3250000
graffto01,2006,MIL,60,236,34,66,17,3,2,20,4,1,3250000
grandcu01,2006,DET,159,596,90,155,31,9,19,66,4,6,410000
greenkh01,2006,SDN,121,412,56,101,26,2,15,39,7,2,2250000
greensh01,2006,ARI,115,417,59,118,22,3,11,37,6,2,9500000
greensh01,2006,NYN,34,113,14,29,9,0,4,8,4,1,9500000
greggke01,2006,LAA,32,3,0,0,0,0,0,0,0,0,575000
greinza01,2006,KCA,3,0,0,0,0,0,0,0,0,0,407000
griffke02,2006,CIN,109,428,62,108,19,0,27,39,2,3,8446647
grillja01,2006,DET,51,0,0,0,0,0,0,0,0,0,395000
grossga01,2006,MIL,117,208,42,57,15,0,9,36,2,3,398000
grudzma01,2006,KCA,134,548,85,163,32,4,7,28,2,5,4000000
guarded01,2006,CIN,15,0,0,0,0,0,0,0,0,0,500000
guarded01,2006,SEA,28,0,0,0,0,0,0,0,0,0,500000
guerrma02,2006,MIN,39,0,0,0,0,0,0,0,0,0,407500
guerrvl01,2006,LAA,156,607,92,200,34,1,33,50,4,4,14500000
guillca01,2006,DET,153,543,100,174,41,5,19,71,4,4,5000000
guilljo01,2006,WAS,69,241,28,52,15,1,9,15,7,5,5000000
guthrje01,2006,CLE,9,0,0,0,0,0,0,0,0,0,380000
gutiefr01,2006,CLE,43,136,21,37,9,0,1,3,0,0,381900
guzmaan01,2006,CHN,15,12,0,2,1,0,0,0,0,0,384000
gwynnto02,2006,MIL,32,77,5,20,2,1,0,2,0,1,381000
hafnetr01,2006,CLE,129,454,100,140,31,1,42,100,7,2,4050000
hairsje02,2006,TEX,63,88,17,18,3,1,0,9,1,0,750000
hairsje02,2006,CHN,38,82,8,17,3,0,0,4,1,0,750000
hairssc01,2006,ARI,9,15,2,6,2,0,0,1,0,0,389000
hallaro01,2006,TOR,32,3,0,0,0,0,0,0,0,0,12750000
hallbi03,2006,MIL,148,537,101,145,39,4,35,63,1,4,3125000
hallto02,2006,LAN,21,57,2,21,4,0,0,2,0,1,1750000
hallto02,2006,TBA,64,221,15,51,13,0,8,8,2,3,1750000
hamelco01,2006,PHI,23,44,4,5,0,0,0,6,0,1,400000
hammoro01,2006,ARI,1,2,1,1,1,0,0,0,0,0,389500
hancojo01,2006,SLN,62,6,0,0,0,0,0,1,0,0,430000
haraa01,2006,CIN,36,74,1,8,0,0,0,1,1,0,4250000
harderi01,2006,OAK,9,0,0,0,0,0,0,0,0,0,2250000
hardyjj01,2006,MIL,35,128,13,31,5,0,5,10,0,1,400000
harenda01,2006,OAK,34,7,0,0,0,0,0,0,0,0,2250000
harribr01,2006,WAS,17,32,3,8,2,0,0,3,1,0,386100
harribr01,2006,CIN,8,10,2,2,0,0,1,1,0,0,386100
hartco01,2006,MIL,87,237,32,67,13,2,9,17,0,2,395000
hattesc01,2006,CIN,141,456,62,132,28,0,13,74,3,4,1500000
hawkila01,2006,BAL,60,0,0,0,0,0,0,0,0,0,3250000
hawpebr01,2006,COL,150,499,67,146,33,6,22,74,0,2,403000
heilmaa01,2006,NYN,74,0,0,0,0,0,0,0,0,0,453000
heintch01,2006,MIN,2,1,0,0,0,0,0,0,0,0,380000
helmswe01,2006,FLO,140,240,30,79,19,5,10,21,6,5,2300000
heltoto01,2006,COL,145,546,94,165,40,5,15,91,6,6,16600000
hendrma01,2006,TBA,13,0,0,0,0,0,0,0,0,0,2925000
hendrma01,2006,LAN,18,19,1,0,0,0,0,2,0,0,2925000
hennebr01,2006,SFN,36,27,1,6,1,0,0,0,0,0,400000
hennse01,2006,NYA,4,0,0,0,0,0,0,0,0,0,382048
henslcl01,2006,SDN,39,48,2,4,1,0,0,3,0,0,392000
hermije01,2006,FLO,99,307,37,77,19,1,5,33,5,1,380000
herfe02,2006,SEA,31,4,0,0,0,0,0,0,0,0,420000
herli01,2006,ARI,11,23,0,2,1,0,0,0,0,0,7000000
herli01,2006,WAS,26,45,6,12,4,0,1,1,0,0,7000000
heror01,2006,ARI,9,11,0,3,1,0,0,1,0,0,5000000
heror01,2006,NYN,20,35,4,5,0,1,0,0,0,0,5000000
herra02,2006,BAL,144,501,66,138,29,2,23,43,11,5,6500000
herro01,2006,NYN,22,0,0,0,0,0,0,0,0,0,3300000
herro01,2006,PIT,46,0,0,0,0,0,0,0,0,0,3300000
hillaa01,2006,TOR,155,546,70,159,28,3,6,42,9,5,395000
hillesh02,2006,SFN,60,234,33,58,12,0,9,7,3,3,6000000
hillesh02,2006,TOR,81,296,40,89,15,1,12,14,6,3,6000000
hillri01,2006,CHN,17,30,0,3,1,0,0,1,0,0,400000
hillsh01,2006,WAS,6,6,1,1,0,0,0,0,0,0,380000
hinsker01,2006,TOR,78,197,35,52,9,2,12,27,0,0,5625000
hinsker01,2006,BOS,31,80,8,23,8,0,1,8,0,0,5625000
hirshja01,2006,HOU,9,15,0,0,0,0,0,0,0,0,381000
hoffmtr01,2006,SDN,65,0,0,0,0,0,0,0,0,0,7000000
hollima01,2006,COL,155,602,119,196,45,5,34,47,15,3,4400000
howarry01,2006,PHI,159,581,104,182,25,1,58,108,9,6,900000
howrybo01,2006,CHN,84,1,0,1,0,0,0,0,0,0,4500000
hudsolu01,2006,KCA,26,0,0,0,0,0,0,0,0,0,422000
hudsoor01,2006,ARI,157,579,87,166,34,9,15,61,2,4,3900000
hudsoti01,2006,ATL,35,63,4,6,1,0,0,2,0,0,8500000
huffau01,2006,HOU,68,224,31,56,10,1,13,26,7,4,4000000
huffau01,2006,TBA,63,230,26,65,15,1,8,24,0,2,4000000
hunteto01,2006,MIN,147,557,86,155,21,2,31,45,5,4,12000000
iannech01,2006,COL,21,77,12,20,4,0,2,13,1,1,381000
ibanera01,2006,SEA,159,626,103,181,33,5,33,65,1,7,5500000
iguchta01,2006,CHA,138,555,97,156,24,0,18,59,3,2,3250000
infanom01,2006,DET,78,224,35,62,11,4,4,14,3,2,1300000
ingebr01,2006,DET,159,542,83,137,29,2,27,43,7,5,4900000
inglejo01,2006,CLE,64,201,26,57,8,3,2,14,1,1,383600
isrinja01,2006,SLN,59,0,0,0,0,0,0,0,0,0,8750000
izturce01,2006,CHN,22,73,4,17,2,0,0,5,0,0,4150000
izturce01,2006,LAN,32,119,10,30,7,1,1,7,2,1,4150000
izturma01,2006,LAA,104,352,64,103,21,3,5,38,3,1,440000
jacksco01,2006,ARI,140,485,75,141,26,1,15,54,9,7,392000
jacksed01,2006,TBA,23,0,0,0,0,0,0,0,0,0,392300
jacobmi02,2006,FLO,136,469,54,123,37,1,20,45,1,5,380000
jamesch03,2006,ATL,25,35,2,1,0,0,0,1,0,0,397500
janssca01,2006,TOR,19,1,0,0,0,0,0,0,0,0,385200
jenkige01,2006,MIL,147,484,62,131,26,1,17,56,11,4,7333333
jenksbo01,2006,CHA,67,0,0,0,0,0,0,0,0,0,400000
jennija01,2006,COL,32,62,3,8,1,0,0,3,0,0,5500000
jeterde01,2006,NYA,154,623,118,214,39,3,14,69,12,4,21600000
jimence01,2006,SEA,4,0,0,0,0,0,0,0,0,0,380000
johjike01,2006,SEA,144,506,61,147,25,1,18,20,13,3,5933333
johnsda06,2006,OAK,91,286,30,67,13,1,9,40,0,5,390000
johnsjo09,2006,FLO,31,42,1,4,2,0,0,1,0,0,382000
johnsni01,2006,WAS,147,500,100,145,46,0,23,110,13,3,5500000
johnsra05,2006,NYA,33,6,0,1,0,0,0,0,0,0,9100546
johnsre02,2006,TOR,134,461,86,147,34,2,12,33,21,1,3075000
johnsty01,2006,SLN,56,1,0,0,0,0,0,0,0,0,395000
jonesan01,2006,ATL,156,565,107,148,29,0,41,82,13,9,14000000
jonesch06,2006,ATL,110,411,87,133,28,3,26,61,1,4,12333333
jonesja04,2006,CHN,149,533,73,152,31,1,27,35,5,2,5633333
jonesto02,2006,DET,62,0,0,0,0,0,0,0,0,0,4809159
juliojo01,2006,NYN,18,1,0,0,0,0,0,0,0,0,3600000
juliojo01,2006,ARI,44,0,0,0,0,0,0,0,0,0,3600000
karstje01,2006,NYA,8,0,0,0,0,0,0,0,0,0,389495
kazmisc01,2006,TBA,24,3,0,0,0,0,0,0,0,0,424300
kearu01,2006,CIN,87,325,53,89,21,1,16,35,5,3,3500000
kearu01,2006,WAS,63,212,33,53,12,1,8,41,5,2,3500000
kempma01,2006,LAN,52,154,30,39,7,1,7,9,0,3,383000
kendaja01,2006,OAK,143,552,76,163,23,0,1,53,12,5,12858194
kendrho01,2006,LAA,72,267,25,76,21,1,4,9,4,3,395000
kennead01,2006,LAA,139,451,50,123,26,6,4,39,5,5,2500000
kennejo04,2006,OAK,39,0,0,0,0,0,0,0,0,0,2800000
kensilo01,2006,FLO,38,1,0,0,0,0,0,0,0,0,380000
kentje01,2006,LAN,115,407,61,119,27,3,14,55,8,3,9814117
keppije01,2006,KCA,22,60,11,16,2,0,2,5,0,0,382500
kieltbo01,2006,OAK,81,270,35,73,20,1,8,22,2,1,2100000
kimby01,2006,COL,27,50,4,8,1,0,0,1,0,0,2500000
kingra01,2006,COL,67,1,0,0,0,0,0,0,0,0,850000
kinnejo01,2006,SLN,21,0,0,0,0,0,0,0,0,0,382000
kinslia01,2006,TEX,120,423,65,121,27,1,14,40,3,7,390708
kleskry01,2006,SDN,6,4,0,3,1,0,0,2,0,0,1750000
klinest02,2006,SFN,72,0,0,0,0,0,0,0,0,0,1750000
konerpa01,2006,CHA,152,566,97,177,30,0,35,60,8,9,12000000
koskico01,2006,MIL,76,257,29,67,23,0,12,29,3,0,5750000
kotchca01,2006,LAA,29,79,6,12,2,0,1,7,0,0,382500
kotsama01,2006,OAK,129,502,57,138,29,3,7,44,2,6,8000000
kouzmke01,2006,CLE,16,56,4,12,2,0,3,5,0,0,380800
kubelja01,2006,MIN,73,220,23,53,8,0,8,12,0,1,387500
kuoho01,2006,LAN,28,8,1,1,1,0,0,0,0,0,384000
lackejo01,2006,LAA,33,3,0,0,0,0,0,0,0,0,5833333
lairdge01,2006,TEX,78,243,46,72,20,1,7,12,2,2,400322
lambmi01,2006,HOU,126,381,70,117,22,3,12,35,0,5,2700000
laneja01,2006,HOU,112,288,44,58,10,0,15,49,2,4,1050000
langery01,2006,ATL,131,315,46,76,16,3,7,50,3,1,410000
larocad01,2006,ATL,149,492,89,140,38,1,32,55,2,7,3200000
larueja01,2006,CIN,72,191,22,37,5,0,8,27,8,1,5200000
ledezwi01,2006,DET,24,0,0,0,0,0,0,0,0,0,415000
leeca01,2006,MIL,102,388,60,111,18,0,28,38,2,7,11500000
leeca01,2006,TEX,59,236,42,76,19,1,9,20,0,4,11500000
leecl02,2006,CLE,33,6,0,1,0,0,0,0,0,0,3000000
leede02,2006,CHN,50,175,30,50,9,0,8,25,0,4,13250000
lestejo01,2006,BOS,15,4,0,0,0,0,0,0,0,0,384000
lidgebr01,2006,HOU,78,0,0,0,0,0,0,0,0,0,5350000
liebejo01,2006,PHI,28,53,0,5,0,0,0,4,0,0,7833333
liebemi01,2006,PHI,67,209,22,57,14,0,9,8,6,2,1150000
lillyte01,2006,TOR,32,3,0,0,0,0,0,0,0,0,6000000
lindeto01,2006,SFN,61,77,15,21,4,2,2,9,1,0,385000
linebsc01,2006,SDN,73,1,0,1,0,0,0,0,0,0,2150000
liriafr01,2006,MIN,28,5,0,1,0,0,0,1,0,0,410000
loaizes01,2006,OAK,26,5,0,0,0,0,0,0,0,0,7500000
loducpa01,2006,NYN,124,512,80,163,39,1,5,24,6,2,6250000
loeka01,2006,TEX,15,0,0,0,0,0,0,0,0,0,390765
loewead01,2006,BAL,22,2,0,0,0,0,0,0,0,0,967000
loftoke01,2006,LAN,129,469,79,141,15,12,3,45,0,2,6000000
loganno01,2006,WAS,27,90,13,27,3,1,1,6,0,2,392500
lohseky01,2006,CIN,12,23,2,4,1,0,0,0,0,0,4200000
lohseky01,2006,MIN,22,0,0,0,0,0,0,0,0,0,4200000
loopebr01,2006,SLN,69,2,0,1,1,0,0,0,0,0,4500000
lopezfe01,2006,CIN,85,343,55,92,14,1,9,47,0,1,3900000
lopezfe01,2006,WAS,71,274,43,77,13,2,2,34,2,2,3900000
lopezja02,2006,BOS,27,0,0,0,0,0,0,0,0,0,402500
lopezjo01,2006,SEA,151,603,78,170,28,8,10,26,9,5,420000
lopezro01,2006,BAL,36,2,0,0,0,0,0,0,0,0,4325000
loretma01,2006,BOS,155,635,75,181,33,0,5,49,12,5,2500000
lowede01,2006,LAN,35,64,5,6,2,0,0,4,0,1,9500000
lowelmi01,2006,BOS,153,573,79,163,47,1,20,47,4,7,9000000
lowema01,2006,SEA,15,0,0,0,0,0,0,0,0,0,380000
lowryno01,2006,SFN,29,46,2,7,0,0,1,3,0,0,1365000
lugoju01,2006,TBA,73,289,53,89,17,1,12,27,3,0,8250000
lugoju01,2006,LAN,49,146,16,32,5,1,0,12,1,3,8250000
lugoru01,2006,TBA,64,0,0,0,0,0,0,0,0,0,403600
lyonbr01,2006,ARI,68,0,1,0,0,0,0,1,0,0,1500000
mabryjo01,2006,CHN,107,210,16,43,8,1,5,23,1,3,750000
macdomi01,2006,CHA,25,0,0,0,0,0,0,0,0,0,1500000
macdomi01,2006,KCA,4,0,0,0,0,0,0,0,0,0,1500000
mackoro01,2006,CHA,112,255,31,74,12,1,5,28,3,2,2750000
maddugr01,2006,CHN,22,43,2,4,1,0,0,2,0,0,10000000
maddugr01,2006,LAN,12,25,1,5,1,0,0,0,0,1,10000000
madsory01,2006,PHI,50,33,3,6,1,0,0,1,0,0,1100000
mahayro01,2006,TEX,62,0,0,0,0,0,0,0,0,0,1250000
maholpa01,2006,PIT,30,55,3,6,0,0,0,3,0,0,403000
mainejo01,2006,NYN,16,28,3,1,1,0,0,0,1,0,391000
marcush01,2006,TOR,21,0,0,0,0,0,0,0,0,0,386100
markani01,2006,BAL,147,491,72,143,25,2,16,43,3,2,400000
marotmi01,2006,DET,13,0,0,0,0,0,0,0,0,0,2950000
marquja01,2006,SLN,46,78,8,14,4,1,0,2,1,0,4750000
martean01,2006,CLE,50,164,20,37,15,1,5,13,1,0,383100
marteda01,2006,PIT,75,2,0,0,0,0,0,0,0,0,2600000
martica03,2006,FLO,12,0,0,0,0,0,0,0,0,0,380000
martipe02,2006,NYN,23,38,2,4,1,0,0,2,0,0,14002234
martira03,2006,LAN,82,176,20,49,7,1,2,15,1,0,800000
martiru01,2006,LAN,121,415,65,117,26,4,10,45,4,3,387500
martito02,2006,COL,68,4,0,0,0,0,0,0,0,0,700000
martivi01,2006,CLE,153,572,82,181,37,0,16,71,3,6,3200000
masseni01,2006,TEX,8,0,0,0,0,0,0,0,0,0,381000
mastnto01,2006,CLE,15,0,0,0,0,0,0,0,0,0,381500
mateoju01,2006,SEA,48,0,0,0,0,0,0,0,0,0,1075000
mateoju02,2006,CHN,12,12,1,0,0,0,0,0,0,0,383000
mathisc01,2006,PHI,9,7,0,1,0,0,0,0,0,0,380000
matsuhi01,2006,NYA,51,172,32,52,9,0,8,27,0,2,13000000
matsuka01,2006,COL,32,113,22,39,6,3,2,10,0,2,1500000
matsuka01,2006,NYN,38,130,10,26,6,0,1,6,0,0,1500000
matthga02,2006,TEX,147,620,102,194,44,6,19,58,4,8,6400000
mauerjo01,2006,MIN,140,521,86,181,36,4,13,79,1,7,3750000
mcanupa01,2006,SDN,16,13,3,3,1,0,1,2,0,0,380300
mcbrima01,2006,ATL,71,0,0,0,0,0,0,0,0,0,400000
mccanbr01,2006,ATL,130,442,61,147,34,0,24,41,3,6,440000
mccarbr01,2006,CHA,53,1,0,0,0,0,0,0,0,0,396068
mcdonjo03,2006,TOR,104,260,35,58,7,3,3,16,2,2,750000
mclou01,2006,PIT,106,270,50,63,16,2,7,18,5,1,392000
mcpheda01,2006,LAA,40,115,16,30,4,0,7,6,0,0,382500
mechegi01,2006,SEA,32,4,0,0,0,0,0,0,0,0,7400000
meddebr01,2006,ARI,60,2,0,0,0,0,0,0,0,0,390500
melhuad01,2006,OAK,49,128,10,28,8,0,4,9,1,1,815000
menchke01,2006,MIL,40,126,9,29,6,1,1,4,0,3,3400000
menchke01,2006,TEX,87,320,36,91,18,1,12,23,4,2,3400000
meredcl01,2006,SDN,45,0,0,0,0,0,0,0,0,0,387000
mesajo01,2006,COL,79,1,0,0,0,0,0,0,0,0,2500000
messera01,2006,FLO,59,2,0,0,0,0,0,0,0,0,380000
michaja01,2006,CLE,123,494,77,132,32,1,9,43,3,6,2050000
mientdo01,2006,KCA,91,314,37,89,24,2,4,35,5,5,1500000
milesaa01,2006,SLN,135,426,48,112,20,5,2,38,2,3,1000000
millake01,2006,BAL,132,430,64,117,26,0,15,59,12,2,2750000
milleda02,2006,MIL,101,331,34,83,28,0,6,33,4,5,2250000
millela02,2006,NYN,56,166,14,40,7,2,4,12,5,1,383000
millema02,2006,CLE,14,0,0,0,0,0,0,0,0,0,560000
milletr02,2006,HOU,70,0,0,0,0,0,0,0,0,0,1300000
millewa04,2006,CHN,5,7,0,1,0,0,0,0,0,0,1500000
millwke01,2006,TEX,34,5,0,0,0,0,0,0,0,0,9836116
miltoer01,2006,CIN,28,49,8,11,3,1,0,2,0,1,10333333
mirabdo01,2006,BOS,59,161,12,31,6,0,6,11,4,0,750000
mirabdo01,2006,SDN,14,22,1,4,1,0,0,4,0,0,750000
mitrese01,2006,FLO,16,12,2,2,1,0,0,0,0,0,380000
moehlbr01,2006,FLO,31,31,1,2,0,0,0,1,1,0,500000
moellch01,2006,MIL,29,98,9,18,3,0,2,4,2,0,700000
molinbe01,2006,TOR,117,433,44,123,20,1,19,19,4,2,4000000
molinjo01,2006,LAA,78,225,18,54,17,0,4,9,2,2,1350000
molinya01,2006,SLN,129,417,29,90,26,0,6,26,8,2,525000
monrocr01,2006,DET,147,541,89,138,35,2,28,37,1,6,4775000
montemi01,2006,ARI,6,16,0,4,1,0,0,1,0,0,380000
morame01,2006,BAL,155,624,96,171,25,0,16,54,14,7,7758503
morneju01,2006,MIN,157,592,97,190,37,1,34,53,5,11,4500000
morrima01,2006,SFN,33,60,2,12,4,0,0,1,0,0,10037283
moseldu01,2006,LAA,3,0,0,0,0,0,0,0,0,0,380500
motagu01,2006,CLE,34,0,0,0,0,0,0,0,0,0,1800000
motagu01,2006,NYN,18,0,0,0,0,0,0,0,0,0,1800000
moyerja01,2006,PHI,8,18,1,1,0,0,0,1,0,0,6500000
moyerja01,2006,SEA,25,3,0,1,0,0,0,0,0,0,6500000
muldema01,2006,SLN,17,25,5,7,2,0,1,5,0,0,4500000
murphto03,2006,LAA,48,70,12,16,4,1,1,5,0,1,382500
murtoma01,2006,CHN,144,455,70,135,22,3,13,45,5,2,415000
mussimi01,2006,NYA,32,4,0,0,0,0,0,0,0,0,11070423
myersbr01,2006,PHI,31,63,1,2,0,0,0,4,0,0,5083333
myersmi01,2006,NYA,62,0,0,0,0,0,0,0,0,0,1250000
dyxa01,2006,NYN,75,265,37,70,15,1,14,19,6,1,2150000
dyxa01,2006,PIT,55,203,20,61,13,0,3,11,5,0,2150000
polmi01,2006,LAA,99,268,47,61,13,0,16,51,5,1,395000
thajo01,2006,MIN,64,1,0,0,0,0,0,0,0,0,5250000
vardi01,2006,TBA,56,193,23,47,7,0,4,20,1,1,399800
vardi01,2006,LAN,25,75,5,21,2,0,2,11,0,0,399800
nelsojo01,2006,KCA,43,0,0,0,0,0,0,0,0,0,394000
neshepa01,2006,MIN,32,0,0,0,0,0,0,0,0,0,395000
newhada01,2006,BAL,39,131,14,33,4,0,4,7,2,3,575000
niekrla01,2006,SFN,66,199,27,49,9,2,5,11,0,0,390000
nievewi01,2006,NYA,6,6,0,0,0,0,0,0,0,0,382150
nippedu01,2006,ARI,2,2,0,0,0,0,0,0,0,0,380000
nixla01,2006,TEX,9,32,1,3,1,0,0,0,1,1,390000
nixla01,2006,MIL,10,35,2,8,1,0,1,0,1,0,390000
nixontr01,2006,BOS,114,381,59,102,24,0,8,60,7,5,3000000
nolasri01,2006,FLO,35,41,2,7,0,0,1,2,0,0,380000
nortogr01,2006,TBA,98,294,47,87,15,0,17,35,3,2,800000
nunezab01,2006,PHI,123,322,42,68,10,2,2,41,2,1,1925000
nunezle01,2006,KCA,7,0,0,0,0,0,0,0,0,0,382000
oconnmi01,2006,WAS,21,31,2,2,0,0,0,1,0,0,380000
ohkato01,2006,MIL,18,31,0,5,1,0,0,1,0,0,1500000
ohmanwi01,2006,CHN,78,1,0,1,0,0,0,0,0,0,900000
oliveda02,2006,NYN,45,15,2,2,1,0,0,1,0,0,1500000
olivomi01,2006,FLO,127,430,52,113,22,3,16,9,7,3,2000000
olsensc01,2006,FLO,32,58,3,11,2,0,0,0,0,0,380000
ordonma01,2006,DET,155,593,82,177,32,1,24,45,4,4,13200000
orrpe01,2006,ATL,102,154,22,39,3,4,1,5,0,0,400000
ortizda01,2006,BOS,151,558,115,160,29,2,54,119,4,5,13250000
ortizra01,2006,WAS,38,56,5,6,0,0,1,3,0,0,3100000
ortizru01,2006,ARI,6,4,0,0,0,0,0,1,0,0,380000
ortizru01,2006,BAL,20,2,1,2,0,0,0,1,0,0,380000
oswalro01,2006,HOU,35,66,3,10,1,0,1,4,0,0,13000000
otsukak01,2006,TEX,63,0,0,0,0,0,0,0,0,0,3000000
overbly01,2006,TOR,157,581,82,181,46,1,22,55,2,2,1350000
owenshe01,2006,NYN,3,0,0,0,0,0,0,0,0,0,380000
ozupa01,2006,CHA,79,189,25,62,12,2,2,7,4,0,800000
padilvi01,2006,TEX,33,1,0,0,0,0,0,0,0,0,9000000
palmeor01,2006,HOU,103,119,12,30,6,1,0,6,1,0,950000
papeljo01,2006,BOS,59,0,0,0,0,0,0,0,0,0,425500
paronch01,2006,ATL,65,1,0,0,0,0,0,0,0,0,420000
patteco01,2006,BAL,135,463,75,128,19,5,16,21,5,1,4300000
pattejo02,2006,WAS,8,8,0,2,0,0,0,0,0,0,850000
pauliro01,2006,PIT,129,442,37,137,19,0,6,34,2,2,401000
pauljo01,2006,TBA,58,146,15,38,9,0,1,14,1,1,625000
paytoja01,2006,OAK,142,557,78,165,32,3,10,22,4,5,4500000
peavyja01,2006,SDN,32,60,6,10,3,0,2,1,0,0,4750000
pedrodu01,2006,BOS,31,89,5,17,4,0,2,7,1,0,380000
pebr01,2006,ATL,23,41,9,11,2,0,1,2,0,0,380000
peca01,2006,BOS,18,33,3,9,2,0,1,4,0,0,800000
peto02,2006,ATL,40,44,12,10,2,0,1,2,0,0,380000
peto03,2006,ARI,25,2,0,0,0,0,0,0,0,0,381000
pewi01,2006,BOS,84,276,36,83,15,2,11,20,3,5,1875000
pennybr01,2006,LAN,34,65,3,12,3,0,0,0,0,0,7750000
peraljh01,2006,CLE,149,569,84,146,28,3,13,56,1,3,1000000
peraljo01,2006,KCA,64,0,0,0,0,0,0,0,0,0,400500
perezju01,2006,PIT,7,0,0,0,0,0,0,0,0,0,380000
perezne01,2006,DET,21,65,4,13,1,0,0,3,0,0,2500000
perezne01,2006,CHN,87,236,27,60,13,1,2,5,0,3,2500000
perezod01,2006,LAN,21,15,3,1,0,0,0,1,0,0,7750000
perezod01,2006,KCA,12,0,0,0,0,0,0,0,0,0,7750000
perezol01,2006,PIT,16,25,0,3,0,0,0,0,0,0,2325000
perezol01,2006,NYN,7,13,0,1,0,0,0,2,0,0,2325000
pettian01,2006,HOU,38,62,4,12,3,0,1,1,0,0,16000000
phillbr01,2006,CIN,149,536,65,148,28,1,17,35,6,6,407500
phillja04,2006,TOR,25,48,4,12,6,0,0,1,1,1,500000
piazzmi01,2006,SDN,126,399,39,113,19,1,22,34,3,3,8500000
pierrju01,2006,CHN,162,699,87,204,32,13,3,32,8,1,7500000
pierzaj01,2006,CHA,140,509,65,150,24,0,16,22,8,1,5500000
pineijo01,2006,SEA,40,4,0,0,0,0,0,0,0,0,4000000
pintore01,2006,FLO,27,1,0,0,0,0,0,0,0,0,380000
podsesc01,2006,CHA,139,524,86,137,27,6,3,54,2,4,2900000
polanpl01,2006,DET,110,461,58,136,18,1,4,17,7,2,4600000
ponsosi01,2006,NYA,5,0,0,0,0,0,0,0,0,0,1000000
ponsosi01,2006,SLN,14,13,1,3,0,0,0,3,0,0,1000000
posadjo01,2006,NYA,143,465,65,129,27,2,23,64,11,5,12000000
proctsc01,2006,NYA,83,0,0,0,0,0,0,0,0,0,455923
pujolal01,2006,SLN,143,535,119,177,33,1,49,92,4,3,12937813
puntoni01,2006,MIN,135,459,73,133,21,7,1,47,1,7,1800000
putzjj01,2006,SEA,72,0,0,0,0,0,0,0,0,0,2700000
quallch01,2006,HOU,81,0,0,0,0,0,0,0,0,0,441000
quentca01,2006,ARI,57,166,23,42,13,3,9,15,8,1,381000
quinlro01,2006,LAA,86,234,28,75,11,1,9,7,2,1,800000
quinthu01,2006,HOU,11,21,2,7,2,0,0,1,0,0,385000
rabelmi01,2006,DET,1,1,0,0,0,0,0,0,0,0,380000
ramirar01,2006,CHN,157,594,93,173,38,4,38,50,9,7,9000000
ramirel01,2006,CIN,21,26,2,5,1,0,0,1,0,0,390000
ramirha01,2006,FLO,158,633,119,185,46,11,17,56,4,2,402000
ramirho01,2006,ATL,14,24,2,3,0,0,0,1,0,0,2650000
ramirma02,2006,BOS,130,449,79,144,27,1,35,100,1,8,17016381
ramirra02,2006,COL,61,4,0,2,0,0,0,0,0,0,386000
rasneda01,2006,NYA,6,0,0,0,0,0,0,0,0,0,384523
rauchjo01,2006,WAS,85,4,0,0,0,0,0,0,0,0,455000
raych01,2006,BAL,61,0,0,0,0,0,0,0,0,0,420000
redmama01,2006,KCA,29,1,0,0,0,0,0,1,0,0,750000
redmomi01,2006,MIN,47,179,20,61,13,0,0,4,4,2,950000
reitsch01,2006,ATL,27,0,0,0,0,0,0,0,0,0,1350000
renteed01,2006,ATL,149,598,100,175,40,2,14,62,3,2,9000000
repkoja01,2006,LAN,69,130,21,33,5,1,3,15,3,0,395000
reyesan01,2006,SLN,18,25,1,3,0,0,0,0,0,0,392500
reyesde01,2006,MIN,66,0,0,0,0,0,0,0,0,0,1000000
reyesjo01,2006,NYN,153,647,122,194,30,17,19,53,1,0,2875000
rheinjo01,2006,TEX,21,0,0,0,0,0,0,0,1,0,382000
rhodear01,2006,PHI,55,0,0,0,0,0,0,0,0,0,1000000
rincoju01,2006,MIN,75,0,0,0,0,0,0,0,0,0,2000000
riosal01,2006,TOR,128,450,68,136,33,6,17,35,3,10,2535000
riskeda01,2006,CHA,33,0,0,0,0,0,0,0,0,0,2000000
riskeda01,2006,BOS,8,0,0,0,0,0,0,0,0,0,2000000
riverju01,2006,LAA,124,448,65,139,27,0,23,33,7,6,2025000
riverma01,2006,NYA,63,1,0,0,0,0,0,0,0,0,10500000
rlealse01,2006,BAL,42,0,0,0,0,0,0,0,0,0,380000
roberbr01,2006,BAL,138,563,85,161,34,3,10,55,0,5,4200000
roberda07,2006,SDN,129,499,80,146,18,13,2,51,4,5,5000000
rober01,2006,DET,32,6,0,1,0,0,0,0,0,0,3260000
rodnefe01,2006,DET,63,1,0,0,0,0,0,0,0,0,1000000
rodrial01,2006,NYA,154,572,113,166,26,1,35,90,8,4,22708525
rodrifr03,2006,LAA,69,0,0,0,0,0,0,0,0,0,7000000
rodriiv01,2006,DET,136,547,74,164,28,4,13,26,1,2,10567639
rodrilu01,2006,MIN,59,115,11,27,4,0,2,14,0,1,392000
rodriwa01,2006,HOU,30,37,4,3,0,0,0,1,0,0,406000
rogerke01,2006,DET,34,7,0,1,1,0,0,0,0,0,8000000
rolensc01,2006,SLN,142,521,94,154,48,1,22,56,9,8,12311637
rolliji01,2006,PHI,158,689,127,191,45,9,25,57,5,7,8000000
romerda01,2006,TOR,7,0,0,0,0,0,0,0,0,0,381500
romerjc01,2006,LAA,65,0,0,0,0,0,0,0,0,0,1600000
rossco01,2006,CIN,2,5,0,1,0,0,0,0,0,0,380000
rossco01,2006,FLO,91,250,30,53,11,1,11,22,4,2,380000
rossco01,2006,LAN,8,14,4,7,1,1,2,0,0,0,380000
rossda01,2006,CIN,90,247,37,63,15,1,21,37,3,5,1600000
rousemi01,2006,OAK,8,24,2,7,3,0,0,1,1,0,380100
rowaa01,2006,PHI,109,405,59,106,24,3,12,18,18,2,4350000
ruizca01,2006,PHI,27,69,5,18,1,1,3,5,1,1,380000
ryanbj01,2006,TOR,65,0,0,0,0,0,0,0,0,0,7000000
ryuja01,2006,CHN,10,1,0,0,0,0,0,0,0,0,382200
saarlki01,2006,OAK,35,0,0,0,0,0,0,0,0,0,1200000
sabatcc01,2006,CLE,28,9,0,2,0,0,0,0,0,0,8750000
saenzol01,2006,LAN,103,179,30,53,15,0,11,14,7,4,1000000
saitota01,2006,LAN,72,0,0,0,0,0,0,0,0,0,1000000
salasju01,2006,TBA,8,0,0,0,0,0,0,0,0,0,382000
sampsch01,2006,HOU,12,5,0,0,0,0,0,0,0,0,380000
sanchan01,2006,FLO,18,35,1,4,0,0,0,0,0,0,381000
sanchan02,2006,KCA,8,27,2,6,0,0,0,0,0,1,380000
sanchdu01,2006,NYN,49,1,1,0,0,0,0,0,1,0,850000
sanchfr01,2006,PIT,157,582,85,200,53,2,6,31,7,9,2750000
sanchjo01,2006,SFN,27,7,1,0,0,0,0,1,0,0,381000
sandere02,2006,KCA,88,325,45,80,23,1,11,28,1,4,5000000
santaer01,2006,LAA,33,4,0,1,0,0,0,0,0,0,425000
santajo01,2006,MIN,34,2,0,0,0,0,0,0,0,0,13000000
saundjo01,2006,LAA,13,0,0,0,0,0,0,0,0,0,380000
schilcu01,2006,BOS,31,2,0,1,0,0,0,0,0,0,13000000
schmija01,2006,SFN,32,66,4,9,3,0,1,0,0,0,15703946
schnebr01,2006,WAS,124,410,30,105,18,0,4,38,2,3,3500000
schoesc01,2006,CIN,16,0,0,0,0,0,0,0,0,0,3600000
schoesc01,2006,TOR,55,0,0,0,0,0,0,0,0,0,3600000
schumsk01,2006,SLN,28,54,3,10,1,0,1,5,0,0,382000
scottlu01,2006,HOU,65,214,31,72,19,6,10,30,4,1,382000
scutama01,2006,OAK,117,365,52,97,21,6,5,50,0,5,1550000
seaneru01,2006,BOS,41,0,0,0,0,0,0,0,0,0,700000
seaneru01,2006,SDN,8,0,0,0,0,0,0,0,0,0,700000
seaybo01,2006,DET,14,0,0,0,0,0,0,0,0,0,450000
seleaa01,2006,LAN,28,26,2,5,1,0,0,1,0,0,1000000
seoja01,2006,TBA,17,1,0,0,0,0,0,0,0,0,1200000
seoja01,2006,LAN,19,18,0,2,0,0,0,1,0,0,1200000
sexsori01,2006,SEA,158,591,75,156,40,0,34,64,4,4,15500000
shealry01,2006,COL,5,9,2,2,2,0,0,0,0,0,392500
shealry01,2006,KCA,51,193,29,54,10,1,7,15,2,0,392500
sheetbe01,2006,MIL,17,33,1,1,0,0,0,1,0,0,11125000
sheffga01,2006,NYA,39,151,22,45,5,0,6,13,1,1,10916071
sherrge01,2006,SEA,72,0,0,0,0,0,0,0,0,0,395000
shielja02,2006,TBA,21,8,2,3,0,0,0,0,0,0,394900
shielsc01,2006,LAA,74,1,0,0,0,0,0,0,0,0,3400000
shoppke01,2006,CLE,41,110,7,27,6,0,3,8,0,0,383400
shousbr01,2006,TEX,6,0,0,0,0,0,0,0,0,0,975000
shousbr01,2006,MIL,59,0,0,0,0,0,0,0,0,0,975000
silvaca01,2006,MIN,36,3,0,1,0,0,0,0,0,0,4325000
siscoan01,2006,KCA,65,0,0,0,0,0,0,0,0,0,405000
sizemgr01,2006,CLE,162,655,134,190,53,11,28,78,13,4,916667
slatedo01,2006,ARI,9,0,0,0,0,0,0,0,0,0,380000
sledgte01,2006,SDN,38,70,7,16,3,0,2,8,0,0,390000
smithja05,2006,COL,49,99,9,26,1,0,5,7,2,0,500000
smithma04,2006,PHI,14,0,0,0,0,0,0,0,0,0,380000
smithma04,2006,NYA,12,0,0,0,0,0,0,0,0,0,380000
smoltjo01,2006,ATL,35,64,5,8,3,0,0,4,0,0,8000000
snellch02,2006,SEA,36,96,14,24,6,1,3,13,4,1,450000
snellia01,2006,PIT,37,54,2,3,1,0,0,2,0,0,408000
snydech02,2006,ARI,61,184,19,51,9,0,6,22,1,5,400000
snydeky01,2006,KCA,1,0,0,0,0,0,0,0,0,0,535000
snydeky01,2006,BOS,16,0,0,0,0,0,0,0,0,0,535000
soriaal01,2006,WAS,159,647,119,179,41,2,46,67,9,3,10000000
soriara01,2006,SEA,53,0,0,0,0,0,0,0,0,0,1200000
sowerje01,2006,CLE,14,0,0,0,0,0,0,0,0,0,384800
speieju01,2006,TOR,58,0,0,0,0,0,0,0,0,0,3750000
spiezsc01,2006,SLN,119,276,44,75,15,4,13,37,5,2,2100000
sprinru01,2006,HOU,72,0,0,0,0,0,0,0,0,0,1750000
stairma01,2006,DET,14,41,5,10,3,0,2,3,0,0,850000
stairma01,2006,TEX,26,81,6,17,4,0,3,6,1,0,850000
stairma01,2006,KCA,77,226,31,59,14,0,8,31,2,2,850000
stantmi02,2006,SFN,26,1,0,0,0,0,0,0,0,0,2000000
stantmi02,2006,WAS,56,1,0,0,0,0,0,0,0,0,2000000
stewach01,2006,CHA,6,8,0,0,0,0,0,0,0,0,381000
stewash01,2006,MIN,44,174,21,51,5,1,2,14,1,1,1000000
stokebr01,2006,TBA,5,0,0,0,0,0,0,0,0,0,383100
streehu01,2006,OAK,69,0,0,0,0,0,0,0,0,0,380000
sturtta01,2006,NYA,18,0,0,0,0,0,0,0,0,0,750000
suppaje01,2006,SLN,32,55,4,12,1,0,0,5,1,0,6250000
suzukic01,2006,SEA,161,695,110,224,20,9,9,49,5,2,12500000
sweenma01,2006,SFN,114,259,32,65,15,2,5,28,3,1,900000
sweenmi01,2006,KCA,60,217,23,56,15,0,8,28,4,3,11000000
swishni01,2006,OAK,157,556,106,141,24,2,35,97,11,6,400000
switzjo01,2006,TBA,40,0,0,0,0,0,0,0,0,0,391100
tagucso01,2006,SLN,134,316,46,84,19,1,2,32,2,2,925000
tanketa01,2006,FLO,49,2,0,0,0,0,0,0,0,0,380000
taschja01,2006,SFN,24,0,0,0,0,0,0,0,0,0,382000
tavarju01,2006,BOS,58,0,0,0,0,0,0,0,0,0,3350000
taverwi01,2006,HOU,149,529,83,147,19,5,1,34,11,2,402000
teahema01,2006,KCA,109,393,70,114,21,7,18,40,2,2,416000
teixema01,2006,TEX,162,628,99,177,45,1,33,89,4,6,9000000
tejadmi01,2006,BAL,162,648,99,214,37,0,24,46,9,6,13811415
tejedro01,2006,TEX,14,2,0,0,0,0,0,0,0,0,389450
thamema01,2006,DET,110,348,61,89,20,2,26,37,4,1,432500
theriry01,2006,CHN,53,134,34,44,11,3,3,17,2,0,390000
thomafr04,2006,OAK,137,466,77,126,11,0,39,81,6,6,5560000
thomeji01,2006,CHA,143,490,108,141,26,0,42,107,6,7,14833333
thompbr01,2006,SLN,43,2,0,1,0,0,0,0,0,0,400000
thompmi03,2006,SDN,19,25,2,4,0,0,0,1,0,0,382000
thomsjo01,2006,ATL,18,30,1,8,2,0,0,0,0,0,500000
thormsc01,2006,ATL,55,128,13,30,11,0,5,5,0,0,380000
thornma01,2006,CHA,63,0,0,0,0,0,0,0,0,0,425000
timlimi01,2006,BOS,68,0,0,0,0,0,0,0,0,0,2800000
tomkobr01,2006,LAN,45,25,2,3,0,0,0,1,0,0,4100000
torresa01,2006,PIT,94,5,0,1,0,0,0,0,0,0,2733333
torreyo01,2006,COL,65,223,23,55,16,3,7,11,4,1,1075000
towerjo01,2006,TOR,15,5,1,1,0,0,0,0,0,0,2900000
trachst01,2006,NYN,30,50,4,7,1,0,1,4,1,0,3000000
tracych01,2006,ARI,154,597,91,168,41,0,20,54,5,5,3000000
treanma01,2006,FLO,67,157,12,36,6,1,2,19,5,2,380000
tulowtr01,2006,COL,25,96,15,23,2,0,1,10,1,0,381000
turnbde01,2006,MIL,64,1,0,0,0,0,0,0,0,0,2470667
tynerja01,2006,MIN,62,218,29,68,5,2,0,11,1,2,400000
ugglada01,2006,FLO,154,611,105,172,26,7,27,48,9,8,392000
uptonbj01,2006,TBA,50,175,20,43,5,0,1,13,1,0,386900
uribeju01,2006,CHA,132,463,53,109,28,2,21,13,3,7,4150000
utleych01,2006,PHI,160,658,131,203,40,4,32,63,14,4,4785714
valenja01,2006,CIN,92,186,24,50,6,1,8,13,0,2,1250000
valenjo03,2006,NYN,137,384,56,104,24,3,18,37,0,6,3800000
valvejo01,2006,ARI,44,0,0,0,0,0,0,0,0,0,2000000
vargacl01,2006,ARI,31,51,1,5,3,0,0,0,0,0,2500000
varitja01,2006,BOS,103,365,46,87,19,2,12,46,2,2,11000000
vazquja01,2006,CHA,33,1,1,1,0,0,0,0,0,0,12500000
verasjo01,2006,NYA,12,0,0,0,0,0,0,0,0,0,382475
verlaju01,2006,DET,30,1,0,0,0,0,0,0,0,0,1030000
victosh01,2006,PHI,153,415,70,119,19,8,6,24,14,1,410000
vidrojo01,2006,WAS,126,463,52,134,26,1,7,41,3,4,7500000
villaca01,2006,MIL,10,15,0,1,0,0,0,0,0,0,384500
villaos01,2006,ATL,58,7,0,0,0,0,0,0,0,0,925000
vizcalu01,2006,ARI,70,0,0,0,0,0,0,0,0,0,3000000
vizquom01,2006,SFN,153,579,88,171,22,10,4,56,6,5,5140084
wagnebi02,2006,NYN,70,0,0,0,0,0,0,0,0,0,10500000
wagnery01,2006,WAS,26,3,0,1,0,0,0,0,0,0,425000
wainwad01,2006,SLN,61,6,2,3,1,0,1,0,0,0,410000
wakefti01,2006,BOS,23,4,0,0,0,0,0,0,0,0,4000000
walkeja01,2006,DET,56,0,0,0,0,0,0,0,0,0,3000000
walketo04,2006,CHN,94,318,38,88,16,1,6,38,1,4,450000
walketo04,2006,SDN,44,124,18,35,6,1,3,17,0,1,450000
wangch01,2006,NYA,34,4,0,0,0,0,0,0,0,0,489500
wardda01,2006,ATL,20,26,2,8,1,0,1,1,0,0,1000000
wardda01,2006,WAS,78,104,15,32,9,0,6,14,2,3,1000000
wasdijo01,2006,TEX,9,0,0,0,0,0,0,0,0,0,600000
washbja01,2006,SEA,31,2,0,0,0,0,0,1,0,0,9850000
weathda01,2006,CIN,67,1,0,0,0,0,0,0,0,0,2250000
weaveje01,2006,SLN,17,27,1,3,1,0,0,3,0,0,8325000
weaveje01,2006,LAA,16,3,0,1,0,0,0,0,0,0,8325000
weaveje02,2006,LAA,19,0,0,0,0,0,0,0,0,0,385000
webbbr01,2006,ARI,33,73,4,11,2,0,0,2,0,1,4500000
weeksri01,2006,MIL,95,359,73,100,15,3,8,30,19,3,1320000
welleto01,2006,KCA,28,2,0,0,0,0,0,0,0,0,635000
welleto01,2006,FLO,18,0,0,0,0,0,0,0,0,0,635000
wellsda01,2006,SDN,5,5,0,1,0,0,0,0,0,0,3000000
wellsda01,2006,BOS,8,0,0,0,0,0,0,0,0,0,3000000
wellski01,2006,TEX,2,0,0,0,0,0,0,0,0,0,4000000
wellski01,2006,PIT,7,11,0,1,0,0,0,0,0,0,4000000
wellsve01,2006,TOR,154,611,91,185,40,5,32,54,3,9,8787500
westbja01,2006,CLE,32,4,0,2,1,0,0,0,0,0,6100000
wheelda01,2006,HOU,75,0,0,0,0,0,0,0,0,0,2100000
whiteri01,2006,PHI,38,0,0,0,0,0,0,0,0,0,600000
whiteri01,2006,CIN,26,0,0,0,0,0,0,0,0,0,600000
whitero02,2006,MIN,99,337,32,83,17,1,7,11,4,3,2500000
wickmbo01,2006,ATL,28,0,0,0,0,0,0,0,0,0,6500000
wickmbo01,2006,CLE,29,0,0,0,0,0,0,0,0,0,6500000
wiggity01,2006,TBA,122,444,55,122,25,1,24,32,6,3,2700000
wilkebr01,2006,TEX,95,320,56,71,15,2,15,37,3,3,4350000
willida07,2006,NYN,6,9,1,2,0,0,0,2,0,0,1250000
willida07,2006,CIN,8,12,0,1,0,0,0,1,0,0,1250000
willido03,2006,FLO,35,64,8,11,0,1,3,6,0,0,6450000
willije02,2006,CHN,5,2,0,0,0,0,0,0,0,0,500000
willijo03,2006,FLO,142,502,62,139,28,2,26,54,11,6,380000
willire03,2006,LAA,28,45,12,12,1,0,0,11,0,0,382500
willisc01,2006,SDN,11,0,0,0,0,0,0,0,0,0,900000
willisc01,2006,CHN,31,0,0,0,0,0,0,0,0,0,900000
williwo02,2006,SDN,26,54,3,11,1,0,0,2,0,0,6000000
wilsocj01,2006,TEX,44,0,0,0,0,0,0,0,0,0,391043
wilsocr03,2006,PIT,85,255,38,68,11,2,13,24,5,2,2000000
wilsocr03,2006,NYA,40,104,15,22,4,0,4,4,1,0,2000000
wilsoja02,2006,PIT,142,543,70,148,27,1,8,33,4,5,5400000
wilsopr01,2006,HOU,102,390,40,105,22,2,9,22,2,3,1000000
wilsopr01,2006,SLN,33,111,18,27,3,0,8,7,2,0,1000000
wilsova01,2006,DET,56,152,18,43,9,0,5,2,3,1,950000
winnra01,2006,SFN,149,573,82,150,34,5,11,48,7,4,4750000
wisema01,2006,MIL,40,1,0,0,0,0,0,0,0,0,1050000
witasja01,2006,OAK,20,0,0,0,0,0,0,0,0,0,1500000
wolfra02,2006,PHI,13,21,2,4,2,0,0,2,0,2,7477969
woodja02,2006,FLO,12,13,3,6,2,0,0,1,0,0,390000
woodke02,2006,CHN,4,6,0,3,1,0,0,0,0,0,1750000
woodmi01,2006,KCA,23,3,0,0,0,0,0,0,0,0,420000
woodwch01,2006,NYN,83,222,25,48,10,1,3,23,1,3,850000
wrighda03,2006,NYN,154,582,96,181,40,5,26,66,5,8,1250000
wrighja02,2006,NYA,31,3,0,0,0,0,0,1,0,1,7000000
wuertmi01,2006,CHN,41,0,0,0,0,0,0,0,0,0,415000
yatesty01,2006,ATL,56,0,0,0,0,0,0,0,0,0,412500
youklke01,2006,BOS,147,569,100,159,42,2,13,91,9,11,424500
youngch03,2006,SDN,31,54,2,7,2,1,0,0,0,0,600000
youngch04,2006,ARI,30,70,10,17,4,0,2,6,1,1,380000
youngde03,2006,TBA,30,126,16,40,9,1,3,1,3,1,1340000
youngdm01,2006,DET,48,172,19,43,4,1,7,11,0,1,500000
youngmi02,2006,TEX,162,691,93,217,52,3,14,48,1,8,3575000
zambrca01,2006,CHN,37,73,9,11,0,0,6,1,0,1,12400000
zambrvi01,2006,NYN,5,5,0,0,0,0,0,0,1,0,500000
zaungr01,2006,TOR,99,290,39,79,19,0,12,41,3,5,3500000
zitoba01,2006,OAK,34,3,0,0,0,0,0,0,0,0,10000000
zobribe01,2006,TBA,52,183,10,41,6,2,2,10,0,3,383400
zumayjo01,2006,DET,62,0,0,0,0,0,0,0,0,0,410000
